datum,ingredient_name,ingredient_amount
2022-01-01,bearnaisesås,70.00
2022-01-01,kalventrecote,300.00
2022-01-01,kapris,10.00
2022-01-01,mixsallad,40.00
2022-01-01,pommes_frites,360.00
2022-01-01,rödlök,40.00
2022-01-01,rödvinssås,80.00
2022-01-01,ströbröd,120.00
2022-01-01,tomat,40.00
2022-01-01,vetemjöl,30.00
2022-01-01,ägg,120.00
2022-01-02,bearnaisesås,35.00
2022-01-02,kalventrecote,150.00
2022-01-02,kapris,5.00
2022-01-02,mixsallad,20.00
2022-01-02,pommes_frites,180.00
2022-01-02,rödlök,20.00
2022-01-02,rödvinssås,40.00
2022-01-02,ströbröd,60.00
2022-01-02,tomat,20.00
2022-01-02,vetemjöl,15.00
2022-01-02,ägg,60.00
2022-01-03,bearnaisesås,35.00
2022-01-03,kalventrecote,150.00
2022-01-03,kapris,5.00
2022-01-03,mixsallad,20.00
2022-01-03,pommes_frites,180.00
2022-01-03,rödlök,20.00
2022-01-03,rödvinssås,40.00
2022-01-03,ströbröd,60.00
2022-01-03,tomat,20.00
2022-01-03,vetemjöl,15.00
2022-01-03,ägg,60.00
2022-01-04,bearnaisesås,105.00
2022-01-04,kalventrecote,450.00
2022-01-04,kapris,15.00
2022-01-04,mixsallad,60.00
2022-01-04,pommes_frites,540.00
2022-01-04,rödlök,60.00
2022-01-04,rödvinssås,120.00
2022-01-04,ströbröd,180.00
2022-01-04,tomat,60.00
2022-01-04,vetemjöl,45.00
2022-01-04,ägg,180.00
2022-01-05,bearnaisesås,105.00
2022-01-05,kalventrecote,450.00
2022-01-05,kapris,15.00
2022-01-05,mixsallad,60.00
2022-01-05,pommes_frites,540.00
2022-01-05,rödlök,60.00
2022-01-05,rödvinssås,120.00
2022-01-05,ströbröd,180.00
2022-01-05,tomat,60.00
2022-01-05,vetemjöl,45.00
2022-01-05,ägg,180.00
2022-01-07,bearnaisesås,70.00
2022-01-07,kalventrecote,300.00
2022-01-07,kapris,10.00
2022-01-07,mixsallad,40.00
2022-01-07,pommes_frites,360.00
2022-01-07,rödlök,40.00
2022-01-07,rödvinssås,80.00
2022-01-07,ströbröd,120.00
2022-01-07,tomat,40.00
2022-01-07,vetemjöl,30.00
2022-01-07,ägg,120.00
2022-01-08,bearnaisesås,105.00
2022-01-08,kalventrecote,450.00
2022-01-08,kapris,15.00
2022-01-08,mixsallad,60.00
2022-01-08,pommes_frites,540.00
2022-01-08,rödlök,60.00
2022-01-08,rödvinssås,120.00
2022-01-08,ströbröd,180.00
2022-01-08,tomat,60.00
2022-01-08,vetemjöl,45.00
2022-01-08,ägg,180.00
2022-01-09,bearnaisesås,70.00
2022-01-09,kalventrecote,300.00
2022-01-09,kapris,10.00
2022-01-09,mixsallad,40.00
2022-01-09,pommes_frites,360.00
2022-01-09,rödlök,40.00
2022-01-09,rödvinssås,80.00
2022-01-09,ströbröd,120.00
2022-01-09,tomat,40.00
2022-01-09,vetemjöl,30.00
2022-01-09,ägg,120.00
2022-01-17,bearnaisesås,35.00
2022-01-17,kalventrecote,150.00
2022-01-17,kapris,5.00
2022-01-17,mixsallad,20.00
2022-01-17,pommes_frites,180.00
2022-01-17,rödlök,20.00
2022-01-17,rödvinssås,40.00
2022-01-17,ströbröd,60.00
2022-01-17,tomat,20.00
2022-01-17,vetemjöl,15.00
2022-01-17,ägg,60.00
2022-01-19,bearnaisesås,70.00
2022-01-19,kalventrecote,300.00
2022-01-19,kapris,10.00
2022-01-19,mixsallad,40.00
2022-01-19,pommes_frites,360.00
2022-01-19,rödlök,40.00
2022-01-19,rödvinssås,80.00
2022-01-19,ströbröd,120.00
2022-01-19,tomat,40.00
2022-01-19,vetemjöl,30.00
2022-01-19,ägg,120.00
2022-01-22,bearnaisesås,35.00
2022-01-22,kalventrecote,150.00
2022-01-22,kapris,5.00
2022-01-22,mixsallad,20.00
2022-01-22,pommes_frites,180.00
2022-01-22,rödlök,20.00
2022-01-22,rödvinssås,40.00
2022-01-22,ströbröd,60.00
2022-01-22,tomat,20.00
2022-01-22,vetemjöl,15.00
2022-01-22,ägg,60.00
2022-01-23,bearnaisesås,210.00
2022-01-23,kalventrecote,900.00
2022-01-23,kapris,30.00
2022-01-23,mixsallad,120.00
2022-01-23,pommes_frites,1080.00
2022-01-23,rödlök,120.00
2022-01-23,rödvinssås,240.00
2022-01-23,ströbröd,360.00
2022-01-23,tomat,120.00
2022-01-23,vetemjöl,90.00
2022-01-23,ägg,360.00
2022-01-24,bearnaisesås,105.00
2022-01-24,kalventrecote,450.00
2022-01-24,kapris,15.00
2022-01-24,mixsallad,60.00
2022-01-24,pommes_frites,540.00
2022-01-24,rödlök,60.00
2022-01-24,rödvinssås,120.00
2022-01-24,ströbröd,180.00
2022-01-24,tomat,60.00
2022-01-24,vetemjöl,45.00
2022-01-24,ägg,180.00
2022-01-29,bearnaisesås,105.00
2022-01-29,kalventrecote,450.00
2022-01-29,kapris,15.00
2022-01-29,mixsallad,60.00
2022-01-29,pommes_frites,540.00
2022-01-29,rödlök,60.00
2022-01-29,rödvinssås,120.00
2022-01-29,ströbröd,180.00
2022-01-29,tomat,60.00
2022-01-29,vetemjöl,45.00
2022-01-29,ägg,180.00
2022-01-30,bearnaisesås,105.00
2022-01-30,kalventrecote,450.00
2022-01-30,kapris,15.00
2022-01-30,mixsallad,60.00
2022-01-30,pommes_frites,540.00
2022-01-30,rödlök,60.00
2022-01-30,rödvinssås,120.00
2022-01-30,ströbröd,180.00
2022-01-30,tomat,60.00
2022-01-30,vetemjöl,45.00
2022-01-30,ägg,180.00
2022-01-31,bearnaisesås,35.00
2022-01-31,kalventrecote,150.00
2022-01-31,kapris,5.00
2022-01-31,mixsallad,20.00
2022-01-31,pommes_frites,180.00
2022-01-31,rödlök,20.00
2022-01-31,rödvinssås,40.00
2022-01-31,ströbröd,60.00
2022-01-31,tomat,20.00
2022-01-31,vetemjöl,15.00
2022-01-31,ägg,60.00
2022-02-01,bearnaisesås,35.00
2022-02-01,kalventrecote,150.00
2022-02-01,kapris,5.00
2022-02-01,mixsallad,20.00
2022-02-01,pommes_frites,180.00
2022-02-01,rödlök,20.00
2022-02-01,rödvinssås,40.00
2022-02-01,ströbröd,60.00
2022-02-01,tomat,20.00
2022-02-01,vetemjöl,15.00
2022-02-01,ägg,60.00
2022-02-06,bearnaisesås,140.00
2022-02-06,kalventrecote,600.00
2022-02-06,kapris,20.00
2022-02-06,mixsallad,80.00
2022-02-06,pommes_frites,720.00
2022-02-06,rödlök,80.00
2022-02-06,rödvinssås,160.00
2022-02-06,ströbröd,240.00
2022-02-06,tomat,80.00
2022-02-06,vetemjöl,60.00
2022-02-06,ägg,240.00
2022-02-07,bearnaisesås,35.00
2022-02-07,kalventrecote,150.00
2022-02-07,kapris,5.00
2022-02-07,mixsallad,20.00
2022-02-07,pommes_frites,180.00
2022-02-07,rödlök,20.00
2022-02-07,rödvinssås,40.00
2022-02-07,ströbröd,60.00
2022-02-07,tomat,20.00
2022-02-07,vetemjöl,15.00
2022-02-07,ägg,60.00
2022-02-10,bearnaisesås,105.00
2022-02-10,kalventrecote,450.00
2022-02-10,kapris,15.00
2022-02-10,mixsallad,60.00
2022-02-10,pommes_frites,540.00
2022-02-10,rödlök,60.00
2022-02-10,rödvinssås,120.00
2022-02-10,ströbröd,180.00
2022-02-10,tomat,60.00
2022-02-10,vetemjöl,45.00
2022-02-10,ägg,180.00
2022-02-11,bearnaisesås,105.00
2022-02-11,kalventrecote,450.00
2022-02-11,kapris,15.00
2022-02-11,mixsallad,60.00
2022-02-11,pommes_frites,540.00
2022-02-11,rödlök,60.00
2022-02-11,rödvinssås,120.00
2022-02-11,ströbröd,180.00
2022-02-11,tomat,60.00
2022-02-11,vetemjöl,45.00
2022-02-11,ägg,180.00
2022-02-13,bearnaisesås,210.00
2022-02-13,kalventrecote,900.00
2022-02-13,kapris,30.00
2022-02-13,mixsallad,120.00
2022-02-13,pommes_frites,1080.00
2022-02-13,rödlök,120.00
2022-02-13,rödvinssås,240.00
2022-02-13,ströbröd,360.00
2022-02-13,tomat,120.00
2022-02-13,vetemjöl,90.00
2022-02-13,ägg,360.00
2022-02-14,bearnaisesås,70.00
2022-02-14,kalventrecote,300.00
2022-02-14,kapris,10.00
2022-02-14,mixsallad,40.00
2022-02-14,pommes_frites,360.00
2022-02-14,rödlök,40.00
2022-02-14,rödvinssås,80.00
2022-02-14,ströbröd,120.00
2022-02-14,tomat,40.00
2022-02-14,vetemjöl,30.00
2022-02-14,ägg,120.00
2022-02-15,bearnaisesås,35.00
2022-02-15,kalventrecote,150.00
2022-02-15,kapris,5.00
2022-02-15,mixsallad,20.00
2022-02-15,pommes_frites,180.00
2022-02-15,rödlök,20.00
2022-02-15,rödvinssås,40.00
2022-02-15,ströbröd,60.00
2022-02-15,tomat,20.00
2022-02-15,vetemjöl,15.00
2022-02-15,ägg,60.00
2022-02-16,bearnaisesås,35.00
2022-02-16,kalventrecote,150.00
2022-02-16,kapris,5.00
2022-02-16,mixsallad,20.00
2022-02-16,pommes_frites,180.00
2022-02-16,rödlök,20.00
2022-02-16,rödvinssås,40.00
2022-02-16,ströbröd,60.00
2022-02-16,tomat,20.00
2022-02-16,vetemjöl,15.00
2022-02-16,ägg,60.00
2022-02-17,bearnaisesås,70.00
2022-02-17,kalventrecote,300.00
2022-02-17,kapris,10.00
2022-02-17,mixsallad,40.00
2022-02-17,pommes_frites,360.00
2022-02-17,rödlök,40.00
2022-02-17,rödvinssås,80.00
2022-02-17,ströbröd,120.00
2022-02-17,tomat,40.00
2022-02-17,vetemjöl,30.00
2022-02-17,ägg,120.00
2022-02-18,bearnaisesås,35.00
2022-02-18,kalventrecote,150.00
2022-02-18,kapris,5.00
2022-02-18,mixsallad,20.00
2022-02-18,pommes_frites,180.00
2022-02-18,rödlök,20.00
2022-02-18,rödvinssås,40.00
2022-02-18,ströbröd,60.00
2022-02-18,tomat,20.00
2022-02-18,vetemjöl,15.00
2022-02-18,ägg,60.00
2022-02-19,bearnaisesås,35.00
2022-02-19,kalventrecote,150.00
2022-02-19,kapris,5.00
2022-02-19,mixsallad,20.00
2022-02-19,pommes_frites,180.00
2022-02-19,rödlök,20.00
2022-02-19,rödvinssås,40.00
2022-02-19,ströbröd,60.00
2022-02-19,tomat,20.00
2022-02-19,vetemjöl,15.00
2022-02-19,ägg,60.00
2022-02-20,bearnaisesås,315.00
2022-02-20,kalventrecote,1350.00
2022-02-20,kapris,45.00
2022-02-20,mixsallad,180.00
2022-02-20,pommes_frites,1620.00
2022-02-20,rödlök,180.00
2022-02-20,rödvinssås,360.00
2022-02-20,ströbröd,540.00
2022-02-20,tomat,180.00
2022-02-20,vetemjöl,135.00
2022-02-20,ägg,540.00
2022-02-21,bearnaisesås,175.00
2022-02-21,kalventrecote,750.00
2022-02-21,kapris,25.00
2022-02-21,mixsallad,100.00
2022-02-21,pommes_frites,900.00
2022-02-21,rödlök,100.00
2022-02-21,rödvinssås,200.00
2022-02-21,ströbröd,300.00
2022-02-21,tomat,100.00
2022-02-21,vetemjöl,75.00
2022-02-21,ägg,300.00
2022-02-22,bearnaisesås,35.00
2022-02-22,kalventrecote,150.00
2022-02-22,kapris,5.00
2022-02-22,mixsallad,20.00
2022-02-22,pommes_frites,180.00
2022-02-22,rödlök,20.00
2022-02-22,rödvinssås,40.00
2022-02-22,ströbröd,60.00
2022-02-22,tomat,20.00
2022-02-22,vetemjöl,15.00
2022-02-22,ägg,60.00
2022-02-23,bearnaisesås,70.00
2022-02-23,kalventrecote,300.00
2022-02-23,kapris,10.00
2022-02-23,mixsallad,40.00
2022-02-23,pommes_frites,360.00
2022-02-23,rödlök,40.00
2022-02-23,rödvinssås,80.00
2022-02-23,ströbröd,120.00
2022-02-23,tomat,40.00
2022-02-23,vetemjöl,30.00
2022-02-23,ägg,120.00
2022-02-24,bearnaisesås,70.00
2022-02-24,kalventrecote,300.00
2022-02-24,kapris,10.00
2022-02-24,mixsallad,40.00
2022-02-24,pommes_frites,360.00
2022-02-24,rödlök,40.00
2022-02-24,rödvinssås,80.00
2022-02-24,ströbröd,120.00
2022-02-24,tomat,40.00
2022-02-24,vetemjöl,30.00
2022-02-24,ägg,120.00
2022-02-25,bearnaisesås,70.00
2022-02-25,kalventrecote,300.00
2022-02-25,kapris,10.00
2022-02-25,mixsallad,40.00
2022-02-25,pommes_frites,360.00
2022-02-25,rödlök,40.00
2022-02-25,rödvinssås,80.00
2022-02-25,ströbröd,120.00
2022-02-25,tomat,40.00
2022-02-25,vetemjöl,30.00
2022-02-25,ägg,120.00
2022-02-27,bearnaisesås,105.00
2022-02-27,kalventrecote,450.00
2022-02-27,kapris,15.00
2022-02-27,mixsallad,60.00
2022-02-27,pommes_frites,540.00
2022-02-27,rödlök,60.00
2022-02-27,rödvinssås,120.00
2022-02-27,ströbröd,180.00
2022-02-27,tomat,60.00
2022-02-27,vetemjöl,45.00
2022-02-27,ägg,180.00
2022-02-28,bearnaisesås,0.00
2022-02-28,kalventrecote,0.00
2022-02-28,kapris,0.00
2022-02-28,mixsallad,0.00
2022-02-28,pommes_frites,0.00
2022-02-28,rödlök,0.00
2022-02-28,rödvinssås,0.00
2022-02-28,ströbröd,0.00
2022-02-28,tomat,0.00
2022-02-28,vetemjöl,0.00
2022-02-28,ägg,0.00
2022-03-01,bearnaisesås,140.00
2022-03-01,kalventrecote,600.00
2022-03-01,kapris,20.00
2022-03-01,mixsallad,80.00
2022-03-01,pommes_frites,720.00
2022-03-01,rödlök,80.00
2022-03-01,rödvinssås,160.00
2022-03-01,ströbröd,240.00
2022-03-01,tomat,80.00
2022-03-01,vetemjöl,60.00
2022-03-01,ägg,240.00
2022-03-02,bearnaisesås,105.00
2022-03-02,kalventrecote,450.00
2022-03-02,kapris,15.00
2022-03-02,mixsallad,60.00
2022-03-02,pommes_frites,540.00
2022-03-02,rödlök,60.00
2022-03-02,rödvinssås,120.00
2022-03-02,ströbröd,180.00
2022-03-02,tomat,60.00
2022-03-02,vetemjöl,45.00
2022-03-02,ägg,180.00
2022-03-03,bearnaisesås,70.00
2022-03-03,kalventrecote,300.00
2022-03-03,kapris,10.00
2022-03-03,mixsallad,40.00
2022-03-03,pommes_frites,360.00
2022-03-03,rödlök,40.00
2022-03-03,rödvinssås,80.00
2022-03-03,ströbröd,120.00
2022-03-03,tomat,40.00
2022-03-03,vetemjöl,30.00
2022-03-03,ägg,120.00
2022-03-04,bearnaisesås,210.00
2022-03-04,kalventrecote,900.00
2022-03-04,kapris,30.00
2022-03-04,mixsallad,120.00
2022-03-04,pommes_frites,1080.00
2022-03-04,rödlök,120.00
2022-03-04,rödvinssås,240.00
2022-03-04,ströbröd,360.00
2022-03-04,tomat,120.00
2022-03-04,vetemjöl,90.00
2022-03-04,ägg,360.00
2022-03-05,bearnaisesås,35.00
2022-03-05,kalventrecote,150.00
2022-03-05,kapris,5.00
2022-03-05,mixsallad,20.00
2022-03-05,pommes_frites,180.00
2022-03-05,rödlök,20.00
2022-03-05,rödvinssås,40.00
2022-03-05,ströbröd,60.00
2022-03-05,tomat,20.00
2022-03-05,vetemjöl,15.00
2022-03-05,ägg,60.00
2022-03-06,bearnaisesås,70.00
2022-03-06,kalventrecote,300.00
2022-03-06,kapris,10.00
2022-03-06,mixsallad,40.00
2022-03-06,pommes_frites,360.00
2022-03-06,rödlök,40.00
2022-03-06,rödvinssås,80.00
2022-03-06,ströbröd,120.00
2022-03-06,tomat,40.00
2022-03-06,vetemjöl,30.00
2022-03-06,ägg,120.00
2022-03-07,bearnaisesås,105.00
2022-03-07,kalventrecote,450.00
2022-03-07,kapris,15.00
2022-03-07,mixsallad,60.00
2022-03-07,pommes_frites,540.00
2022-03-07,rödlök,60.00
2022-03-07,rödvinssås,120.00
2022-03-07,ströbröd,180.00
2022-03-07,tomat,60.00
2022-03-07,vetemjöl,45.00
2022-03-07,ägg,180.00
2022-03-10,bearnaisesås,70.00
2022-03-10,kalventrecote,300.00
2022-03-10,kapris,10.00
2022-03-10,mixsallad,40.00
2022-03-10,pommes_frites,360.00
2022-03-10,rödlök,40.00
2022-03-10,rödvinssås,80.00
2022-03-10,ströbröd,120.00
2022-03-10,tomat,40.00
2022-03-10,vetemjöl,30.00
2022-03-10,ägg,120.00
2022-03-11,bearnaisesås,35.00
2022-03-11,kalventrecote,150.00
2022-03-11,kapris,5.00
2022-03-11,mixsallad,20.00
2022-03-11,pommes_frites,180.00
2022-03-11,rödlök,20.00
2022-03-11,rödvinssås,40.00
2022-03-11,ströbröd,60.00
2022-03-11,tomat,20.00
2022-03-11,vetemjöl,15.00
2022-03-11,ägg,60.00
2022-03-13,bearnaisesås,35.00
2022-03-13,kalventrecote,150.00
2022-03-13,kapris,5.00
2022-03-13,mixsallad,20.00
2022-03-13,pommes_frites,180.00
2022-03-13,rödlök,20.00
2022-03-13,rödvinssås,40.00
2022-03-13,ströbröd,60.00
2022-03-13,tomat,20.00
2022-03-13,vetemjöl,15.00
2022-03-13,ägg,60.00
2022-03-14,bearnaisesås,35.00
2022-03-14,kalventrecote,150.00
2022-03-14,kapris,5.00
2022-03-14,mixsallad,20.00
2022-03-14,pommes_frites,180.00
2022-03-14,rödlök,20.00
2022-03-14,rödvinssås,40.00
2022-03-14,ströbröd,60.00
2022-03-14,tomat,20.00
2022-03-14,vetemjöl,15.00
2022-03-14,ägg,60.00
2022-03-16,bearnaisesås,70.00
2022-03-16,kalventrecote,300.00
2022-03-16,kapris,10.00
2022-03-16,mixsallad,40.00
2022-03-16,pommes_frites,360.00
2022-03-16,rödlök,40.00
2022-03-16,rödvinssås,80.00
2022-03-16,ströbröd,120.00
2022-03-16,tomat,40.00
2022-03-16,vetemjöl,30.00
2022-03-16,ägg,120.00
2022-03-18,bearnaisesås,35.00
2022-03-18,kalventrecote,150.00
2022-03-18,kapris,5.00
2022-03-18,mixsallad,20.00
2022-03-18,pommes_frites,180.00
2022-03-18,rödlök,20.00
2022-03-18,rödvinssås,40.00
2022-03-18,ströbröd,60.00
2022-03-18,tomat,20.00
2022-03-18,vetemjöl,15.00
2022-03-18,ägg,60.00
2022-03-20,bearnaisesås,140.00
2022-03-20,kalventrecote,600.00
2022-03-20,kapris,20.00
2022-03-20,mixsallad,80.00
2022-03-20,pommes_frites,720.00
2022-03-20,rödlök,80.00
2022-03-20,rödvinssås,160.00
2022-03-20,ströbröd,240.00
2022-03-20,tomat,80.00
2022-03-20,vetemjöl,60.00
2022-03-20,ägg,240.00
2022-03-21,bearnaisesås,35.00
2022-03-21,kalventrecote,150.00
2022-03-21,kapris,5.00
2022-03-21,mixsallad,20.00
2022-03-21,pommes_frites,180.00
2022-03-21,rödlök,20.00
2022-03-21,rödvinssås,40.00
2022-03-21,ströbröd,60.00
2022-03-21,tomat,20.00
2022-03-21,vetemjöl,15.00
2022-03-21,ägg,60.00
2022-03-23,bearnaisesås,105.00
2022-03-23,kalventrecote,450.00
2022-03-23,kapris,15.00
2022-03-23,mixsallad,60.00
2022-03-23,pommes_frites,540.00
2022-03-23,rödlök,60.00
2022-03-23,rödvinssås,120.00
2022-03-23,ströbröd,180.00
2022-03-23,tomat,60.00
2022-03-23,vetemjöl,45.00
2022-03-23,ägg,180.00
2022-03-25,bearnaisesås,105.00
2022-03-25,kalventrecote,450.00
2022-03-25,kapris,15.00
2022-03-25,mixsallad,60.00
2022-03-25,pommes_frites,540.00
2022-03-25,rödlök,60.00
2022-03-25,rödvinssås,120.00
2022-03-25,ströbröd,180.00
2022-03-25,tomat,60.00
2022-03-25,vetemjöl,45.00
2022-03-25,ägg,180.00
2022-03-26,bearnaisesås,315.00
2022-03-26,kalventrecote,1350.00
2022-03-26,kapris,45.00
2022-03-26,mixsallad,180.00
2022-03-26,pommes_frites,1620.00
2022-03-26,rödlök,180.00
2022-03-26,rödvinssås,360.00
2022-03-26,ströbröd,540.00
2022-03-26,tomat,180.00
2022-03-26,vetemjöl,135.00
2022-03-26,ägg,540.00
2022-03-27,bearnaisesås,140.00
2022-03-27,kalventrecote,600.00
2022-03-27,kapris,20.00
2022-03-27,mixsallad,80.00
2022-03-27,pommes_frites,720.00
2022-03-27,rödlök,80.00
2022-03-27,rödvinssås,160.00
2022-03-27,ströbröd,240.00
2022-03-27,tomat,80.00
2022-03-27,vetemjöl,60.00
2022-03-27,ägg,240.00
2022-03-28,bearnaisesås,140.00
2022-03-28,kalventrecote,600.00
2022-03-28,kapris,20.00
2022-03-28,mixsallad,80.00
2022-03-28,pommes_frites,720.00
2022-03-28,rödlök,80.00
2022-03-28,rödvinssås,160.00
2022-03-28,ströbröd,240.00
2022-03-28,tomat,80.00
2022-03-28,vetemjöl,60.00
2022-03-28,ägg,240.00
2022-03-29,bearnaisesås,280.00
2022-03-29,kalventrecote,1200.00
2022-03-29,kapris,40.00
2022-03-29,mixsallad,160.00
2022-03-29,pommes_frites,1440.00
2022-03-29,rödlök,160.00
2022-03-29,rödvinssås,320.00
2022-03-29,ströbröd,480.00
2022-03-29,tomat,160.00
2022-03-29,vetemjöl,120.00
2022-03-29,ägg,480.00
2022-03-30,bearnaisesås,210.00
2022-03-30,kalventrecote,900.00
2022-03-30,kapris,30.00
2022-03-30,mixsallad,120.00
2022-03-30,pommes_frites,1080.00
2022-03-30,rödlök,120.00
2022-03-30,rödvinssås,240.00
2022-03-30,ströbröd,360.00
2022-03-30,tomat,120.00
2022-03-30,vetemjöl,90.00
2022-03-30,ägg,360.00
2022-03-31,bearnaisesås,35.00
2022-03-31,kalventrecote,150.00
2022-03-31,kapris,5.00
2022-03-31,mixsallad,20.00
2022-03-31,pommes_frites,180.00
2022-03-31,rödlök,20.00
2022-03-31,rödvinssås,40.00
2022-03-31,ströbröd,60.00
2022-03-31,tomat,20.00
2022-03-31,vetemjöl,15.00
2022-03-31,ägg,60.00
2022-04-02,bearnaisesås,140.00
2022-04-02,kalventrecote,600.00
2022-04-02,kapris,20.00
2022-04-02,mixsallad,80.00
2022-04-02,pommes_frites,720.00
2022-04-02,rödlök,80.00
2022-04-02,rödvinssås,160.00
2022-04-02,ströbröd,240.00
2022-04-02,tomat,80.00
2022-04-02,vetemjöl,60.00
2022-04-02,ägg,240.00
2022-04-03,bearnaisesås,140.00
2022-04-03,kalventrecote,600.00
2022-04-03,kapris,20.00
2022-04-03,mixsallad,80.00
2022-04-03,pommes_frites,720.00
2022-04-03,rödlök,80.00
2022-04-03,rödvinssås,160.00
2022-04-03,ströbröd,240.00
2022-04-03,tomat,80.00
2022-04-03,vetemjöl,60.00
2022-04-03,ägg,240.00
2022-04-05,bearnaisesås,35.00
2022-04-05,kalventrecote,150.00
2022-04-05,kapris,5.00
2022-04-05,mixsallad,20.00
2022-04-05,pommes_frites,180.00
2022-04-05,rödlök,20.00
2022-04-05,rödvinssås,40.00
2022-04-05,ströbröd,60.00
2022-04-05,tomat,20.00
2022-04-05,vetemjöl,15.00
2022-04-05,ägg,60.00
2022-04-07,bearnaisesås,35.00
2022-04-07,kalventrecote,150.00
2022-04-07,kapris,5.00
2022-04-07,mixsallad,20.00
2022-04-07,pommes_frites,180.00
2022-04-07,rödlök,20.00
2022-04-07,rödvinssås,40.00
2022-04-07,ströbröd,60.00
2022-04-07,tomat,20.00
2022-04-07,vetemjöl,15.00
2022-04-07,ägg,60.00
2022-04-08,bearnaisesås,35.00
2022-04-08,kalventrecote,150.00
2022-04-08,kapris,5.00
2022-04-08,mixsallad,20.00
2022-04-08,pommes_frites,180.00
2022-04-08,rödlök,20.00
2022-04-08,rödvinssås,40.00
2022-04-08,ströbröd,60.00
2022-04-08,tomat,20.00
2022-04-08,vetemjöl,15.00
2022-04-08,ägg,60.00
2022-04-09,bearnaisesås,70.00
2022-04-09,kalventrecote,300.00
2022-04-09,kapris,10.00
2022-04-09,mixsallad,40.00
2022-04-09,pommes_frites,360.00
2022-04-09,rödlök,40.00
2022-04-09,rödvinssås,80.00
2022-04-09,ströbröd,120.00
2022-04-09,tomat,40.00
2022-04-09,vetemjöl,30.00
2022-04-09,ägg,120.00
2022-04-10,bearnaisesås,175.00
2022-04-10,kalventrecote,750.00
2022-04-10,kapris,25.00
2022-04-10,mixsallad,100.00
2022-04-10,pommes_frites,900.00
2022-04-10,rödlök,100.00
2022-04-10,rödvinssås,200.00
2022-04-10,ströbröd,300.00
2022-04-10,tomat,100.00
2022-04-10,vetemjöl,75.00
2022-04-10,ägg,300.00
2022-04-11,bearnaisesås,140.00
2022-04-11,kalventrecote,600.00
2022-04-11,kapris,20.00
2022-04-11,mixsallad,80.00
2022-04-11,pommes_frites,720.00
2022-04-11,rödlök,80.00
2022-04-11,rödvinssås,160.00
2022-04-11,ströbröd,240.00
2022-04-11,tomat,80.00
2022-04-11,vetemjöl,60.00
2022-04-11,ägg,240.00
2022-04-13,bearnaisesås,70.00
2022-04-13,kalventrecote,300.00
2022-04-13,kapris,10.00
2022-04-13,mixsallad,40.00
2022-04-13,pommes_frites,360.00
2022-04-13,rödlök,40.00
2022-04-13,rödvinssås,80.00
2022-04-13,ströbröd,120.00
2022-04-13,tomat,40.00
2022-04-13,vetemjöl,30.00
2022-04-13,ägg,120.00
2022-04-14,bearnaisesås,245.00
2022-04-14,kalventrecote,1050.00
2022-04-14,kapris,35.00
2022-04-14,mixsallad,140.00
2022-04-14,pommes_frites,1260.00
2022-04-14,rödlök,140.00
2022-04-14,rödvinssås,280.00
2022-04-14,ströbröd,420.00
2022-04-14,tomat,140.00
2022-04-14,vetemjöl,105.00
2022-04-14,ägg,420.00
2022-04-15,bearnaisesås,105.00
2022-04-15,kalventrecote,450.00
2022-04-15,kapris,15.00
2022-04-15,mixsallad,60.00
2022-04-15,pommes_frites,540.00
2022-04-15,rödlök,60.00
2022-04-15,rödvinssås,120.00
2022-04-15,ströbröd,180.00
2022-04-15,tomat,60.00
2022-04-15,vetemjöl,45.00
2022-04-15,ägg,180.00
2022-04-16,bearnaisesås,105.00
2022-04-16,kalventrecote,450.00
2022-04-16,kapris,15.00
2022-04-16,mixsallad,60.00
2022-04-16,pommes_frites,540.00
2022-04-16,rödlök,60.00
2022-04-16,rödvinssås,120.00
2022-04-16,ströbröd,180.00
2022-04-16,tomat,60.00
2022-04-16,vetemjöl,45.00
2022-04-16,ägg,180.00
2022-04-17,bearnaisesås,245.00
2022-04-17,kalventrecote,1050.00
2022-04-17,kapris,35.00
2022-04-17,mixsallad,140.00
2022-04-17,pommes_frites,1260.00
2022-04-17,rödlök,140.00
2022-04-17,rödvinssås,280.00
2022-04-17,ströbröd,420.00
2022-04-17,tomat,140.00
2022-04-17,vetemjöl,105.00
2022-04-17,ägg,420.00
2022-04-18,bearnaisesås,35.00
2022-04-18,kalventrecote,150.00
2022-04-18,kapris,5.00
2022-04-18,mixsallad,20.00
2022-04-18,pommes_frites,180.00
2022-04-18,rödlök,20.00
2022-04-18,rödvinssås,40.00
2022-04-18,ströbröd,60.00
2022-04-18,tomat,20.00
2022-04-18,vetemjöl,15.00
2022-04-18,ägg,60.00
2022-04-19,bearnaisesås,140.00
2022-04-19,kalventrecote,600.00
2022-04-19,kapris,20.00
2022-04-19,mixsallad,80.00
2022-04-19,pommes_frites,720.00
2022-04-19,rödlök,80.00
2022-04-19,rödvinssås,160.00
2022-04-19,ströbröd,240.00
2022-04-19,tomat,80.00
2022-04-19,vetemjöl,60.00
2022-04-19,ägg,240.00
2022-04-20,bearnaisesås,105.00
2022-04-20,kalventrecote,450.00
2022-04-20,kapris,15.00
2022-04-20,mixsallad,60.00
2022-04-20,pommes_frites,540.00
2022-04-20,rödlök,60.00
2022-04-20,rödvinssås,120.00
2022-04-20,ströbröd,180.00
2022-04-20,tomat,60.00
2022-04-20,vetemjöl,45.00
2022-04-20,ägg,180.00
2022-04-21,bearnaisesås,35.00
2022-04-21,kalventrecote,150.00
2022-04-21,kapris,5.00
2022-04-21,mixsallad,20.00
2022-04-21,pommes_frites,180.00
2022-04-21,rödlök,20.00
2022-04-21,rödvinssås,40.00
2022-04-21,ströbröd,60.00
2022-04-21,tomat,20.00
2022-04-21,vetemjöl,15.00
2022-04-21,ägg,60.00
2022-04-23,bearnaisesås,245.00
2022-04-23,kalventrecote,1050.00
2022-04-23,kapris,35.00
2022-04-23,mixsallad,140.00
2022-04-23,pommes_frites,1260.00
2022-04-23,rödlök,140.00
2022-04-23,rödvinssås,280.00
2022-04-23,ströbröd,420.00
2022-04-23,tomat,140.00
2022-04-23,vetemjöl,105.00
2022-04-23,ägg,420.00
2022-04-24,bearnaisesås,70.00
2022-04-24,kalventrecote,300.00
2022-04-24,kapris,10.00
2022-04-24,mixsallad,40.00
2022-04-24,pommes_frites,360.00
2022-04-24,rödlök,40.00
2022-04-24,rödvinssås,80.00
2022-04-24,ströbröd,120.00
2022-04-24,tomat,40.00
2022-04-24,vetemjöl,30.00
2022-04-24,ägg,120.00
2022-04-26,bearnaisesås,140.00
2022-04-26,kalventrecote,600.00
2022-04-26,kapris,20.00
2022-04-26,mixsallad,80.00
2022-04-26,pommes_frites,720.00
2022-04-26,rödlök,80.00
2022-04-26,rödvinssås,160.00
2022-04-26,ströbröd,240.00
2022-04-26,tomat,80.00
2022-04-26,vetemjöl,60.00
2022-04-26,ägg,240.00
2022-04-27,bearnaisesås,105.00
2022-04-27,kalventrecote,450.00
2022-04-27,kapris,15.00
2022-04-27,mixsallad,60.00
2022-04-27,pommes_frites,540.00
2022-04-27,rödlök,60.00
2022-04-27,rödvinssås,120.00
2022-04-27,ströbröd,180.00
2022-04-27,tomat,60.00
2022-04-27,vetemjöl,45.00
2022-04-27,ägg,180.00
2022-04-30,bearnaisesås,70.00
2022-04-30,kalventrecote,300.00
2022-04-30,kapris,10.00
2022-04-30,mixsallad,40.00
2022-04-30,pommes_frites,360.00
2022-04-30,rödlök,40.00
2022-04-30,rödvinssås,80.00
2022-04-30,ströbröd,120.00
2022-04-30,tomat,40.00
2022-04-30,vetemjöl,30.00
2022-04-30,ägg,120.00
2022-05-01,bearnaisesås,70.00
2022-05-01,kalventrecote,300.00
2022-05-01,kapris,10.00
2022-05-01,mixsallad,40.00
2022-05-01,pommes_frites,360.00
2022-05-01,rödlök,40.00
2022-05-01,rödvinssås,80.00
2022-05-01,ströbröd,120.00
2022-05-01,tomat,40.00
2022-05-01,vetemjöl,30.00
2022-05-01,ägg,120.00
2022-05-03,bearnaisesås,35.00
2022-05-03,kalventrecote,150.00
2022-05-03,kapris,5.00
2022-05-03,mixsallad,20.00
2022-05-03,pommes_frites,180.00
2022-05-03,rödlök,20.00
2022-05-03,rödvinssås,40.00
2022-05-03,ströbröd,60.00
2022-05-03,tomat,20.00
2022-05-03,vetemjöl,15.00
2022-05-03,ägg,60.00
2022-05-04,bearnaisesås,35.00
2022-05-04,kalventrecote,150.00
2022-05-04,kapris,5.00
2022-05-04,mixsallad,20.00
2022-05-04,pommes_frites,180.00
2022-05-04,rödlök,20.00
2022-05-04,rödvinssås,40.00
2022-05-04,ströbröd,60.00
2022-05-04,tomat,20.00
2022-05-04,vetemjöl,15.00
2022-05-04,ägg,60.00
2022-05-05,bearnaisesås,70.00
2022-05-05,kalventrecote,300.00
2022-05-05,kapris,10.00
2022-05-05,mixsallad,40.00
2022-05-05,pommes_frites,360.00
2022-05-05,rödlök,40.00
2022-05-05,rödvinssås,80.00
2022-05-05,ströbröd,120.00
2022-05-05,tomat,40.00
2022-05-05,vetemjöl,30.00
2022-05-05,ägg,120.00
2022-05-07,bearnaisesås,175.00
2022-05-07,kalventrecote,750.00
2022-05-07,kapris,25.00
2022-05-07,mixsallad,100.00
2022-05-07,pommes_frites,900.00
2022-05-07,rödlök,100.00
2022-05-07,rödvinssås,200.00
2022-05-07,ströbröd,300.00
2022-05-07,tomat,100.00
2022-05-07,vetemjöl,75.00
2022-05-07,ägg,300.00
2022-05-08,bearnaisesås,105.00
2022-05-08,kalventrecote,450.00
2022-05-08,kapris,15.00
2022-05-08,mixsallad,60.00
2022-05-08,pommes_frites,540.00
2022-05-08,rödlök,60.00
2022-05-08,rödvinssås,120.00
2022-05-08,ströbröd,180.00
2022-05-08,tomat,60.00
2022-05-08,vetemjöl,45.00
2022-05-08,ägg,180.00
2022-05-09,bearnaisesås,35.00
2022-05-09,kalventrecote,150.00
2022-05-09,kapris,5.00
2022-05-09,mixsallad,20.00
2022-05-09,pommes_frites,180.00
2022-05-09,rödlök,20.00
2022-05-09,rödvinssås,40.00
2022-05-09,ströbröd,60.00
2022-05-09,tomat,20.00
2022-05-09,vetemjöl,15.00
2022-05-09,ägg,60.00
2022-05-10,bearnaisesås,70.00
2022-05-10,kalventrecote,300.00
2022-05-10,kapris,10.00
2022-05-10,mixsallad,40.00
2022-05-10,pommes_frites,360.00
2022-05-10,rödlök,40.00
2022-05-10,rödvinssås,80.00
2022-05-10,ströbröd,120.00
2022-05-10,tomat,40.00
2022-05-10,vetemjöl,30.00
2022-05-10,ägg,120.00
2022-05-11,bearnaisesås,35.00
2022-05-11,kalventrecote,150.00
2022-05-11,kapris,5.00
2022-05-11,mixsallad,20.00
2022-05-11,pommes_frites,180.00
2022-05-11,rödlök,20.00
2022-05-11,rödvinssås,40.00
2022-05-11,ströbröd,60.00
2022-05-11,tomat,20.00
2022-05-11,vetemjöl,15.00
2022-05-11,ägg,60.00
2022-05-12,bearnaisesås,35.00
2022-05-12,kalventrecote,150.00
2022-05-12,kapris,5.00
2022-05-12,mixsallad,20.00
2022-05-12,pommes_frites,180.00
2022-05-12,rödlök,20.00
2022-05-12,rödvinssås,40.00
2022-05-12,ströbröd,60.00
2022-05-12,tomat,20.00
2022-05-12,vetemjöl,15.00
2022-05-12,ägg,60.00
2022-05-14,bearnaisesås,140.00
2022-05-14,kalventrecote,600.00
2022-05-14,kapris,20.00
2022-05-14,mixsallad,80.00
2022-05-14,pommes_frites,720.00
2022-05-14,rödlök,80.00
2022-05-14,rödvinssås,160.00
2022-05-14,ströbröd,240.00
2022-05-14,tomat,80.00
2022-05-14,vetemjöl,60.00
2022-05-14,ägg,240.00
2022-05-15,bearnaisesås,210.00
2022-05-15,kalventrecote,900.00
2022-05-15,kapris,30.00
2022-05-15,mixsallad,120.00
2022-05-15,pommes_frites,1080.00
2022-05-15,rödlök,120.00
2022-05-15,rödvinssås,240.00
2022-05-15,ströbröd,360.00
2022-05-15,tomat,120.00
2022-05-15,vetemjöl,90.00
2022-05-15,ägg,360.00
2022-05-18,bearnaisesås,70.00
2022-05-18,kalventrecote,300.00
2022-05-18,kapris,10.00
2022-05-18,mixsallad,40.00
2022-05-18,pommes_frites,360.00
2022-05-18,rödlök,40.00
2022-05-18,rödvinssås,80.00
2022-05-18,ströbröd,120.00
2022-05-18,tomat,40.00
2022-05-18,vetemjöl,30.00
2022-05-18,ägg,120.00
2022-05-20,bearnaisesås,35.00
2022-05-20,kalventrecote,150.00
2022-05-20,kapris,5.00
2022-05-20,mixsallad,20.00
2022-05-20,pommes_frites,180.00
2022-05-20,rödlök,20.00
2022-05-20,rödvinssås,40.00
2022-05-20,ströbröd,60.00
2022-05-20,tomat,20.00
2022-05-20,vetemjöl,15.00
2022-05-20,ägg,60.00
2022-05-21,bearnaisesås,35.00
2022-05-21,kalventrecote,150.00
2022-05-21,kapris,5.00
2022-05-21,mixsallad,20.00
2022-05-21,pommes_frites,180.00
2022-05-21,rödlök,20.00
2022-05-21,rödvinssås,40.00
2022-05-21,ströbröd,60.00
2022-05-21,tomat,20.00
2022-05-21,vetemjöl,15.00
2022-05-21,ägg,60.00
2022-05-22,bearnaisesås,140.00
2022-05-22,kalventrecote,600.00
2022-05-22,kapris,20.00
2022-05-22,mixsallad,80.00
2022-05-22,pommes_frites,720.00
2022-05-22,rödlök,80.00
2022-05-22,rödvinssås,160.00
2022-05-22,ströbröd,240.00
2022-05-22,tomat,80.00
2022-05-22,vetemjöl,60.00
2022-05-22,ägg,240.00
2022-05-25,bearnaisesås,70.00
2022-05-25,kalventrecote,300.00
2022-05-25,kapris,10.00
2022-05-25,mixsallad,40.00
2022-05-25,pommes_frites,360.00
2022-05-25,rödlök,40.00
2022-05-25,rödvinssås,80.00
2022-05-25,ströbröd,120.00
2022-05-25,tomat,40.00
2022-05-25,vetemjöl,30.00
2022-05-25,ägg,120.00
2022-05-26,bearnaisesås,210.00
2022-05-26,kalventrecote,900.00
2022-05-26,kapris,30.00
2022-05-26,mixsallad,120.00
2022-05-26,pommes_frites,1080.00
2022-05-26,rödlök,120.00
2022-05-26,rödvinssås,240.00
2022-05-26,ströbröd,360.00
2022-05-26,tomat,120.00
2022-05-26,vetemjöl,90.00
2022-05-26,ägg,360.00
2022-05-28,bearnaisesås,70.00
2022-05-28,kalventrecote,300.00
2022-05-28,kapris,10.00
2022-05-28,mixsallad,40.00
2022-05-28,pommes_frites,360.00
2022-05-28,rödlök,40.00
2022-05-28,rödvinssås,80.00
2022-05-28,ströbröd,120.00
2022-05-28,tomat,40.00
2022-05-28,vetemjöl,30.00
2022-05-28,ägg,120.00
2022-05-31,bearnaisesås,35.00
2022-05-31,kalventrecote,150.00
2022-05-31,kapris,5.00
2022-05-31,mixsallad,20.00
2022-05-31,pommes_frites,180.00
2022-05-31,rödlök,20.00
2022-05-31,rödvinssås,40.00
2022-05-31,ströbröd,60.00
2022-05-31,tomat,20.00
2022-05-31,vetemjöl,15.00
2022-05-31,ägg,60.00
2022-06-02,bearnaisesås,70.00
2022-06-02,kalventrecote,300.00
2022-06-02,kapris,10.00
2022-06-02,mixsallad,40.00
2022-06-02,pommes_frites,360.00
2022-06-02,rödlök,40.00
2022-06-02,rödvinssås,80.00
2022-06-02,ströbröd,120.00
2022-06-02,tomat,40.00
2022-06-02,vetemjöl,30.00
2022-06-02,ägg,120.00
2022-06-04,bearnaisesås,140.00
2022-06-04,kalventrecote,600.00
2022-06-04,kapris,20.00
2022-06-04,mixsallad,80.00
2022-06-04,pommes_frites,720.00
2022-06-04,rödlök,80.00
2022-06-04,rödvinssås,160.00
2022-06-04,ströbröd,240.00
2022-06-04,tomat,80.00
2022-06-04,vetemjöl,60.00
2022-06-04,ägg,240.00
2022-06-05,bearnaisesås,140.00
2022-06-05,kalventrecote,600.00
2022-06-05,kapris,20.00
2022-06-05,mixsallad,80.00
2022-06-05,pommes_frites,720.00
2022-06-05,rödlök,80.00
2022-06-05,rödvinssås,160.00
2022-06-05,ströbröd,240.00
2022-06-05,tomat,80.00
2022-06-05,vetemjöl,60.00
2022-06-05,ägg,240.00
2022-06-06,bearnaisesås,35.00
2022-06-06,kalventrecote,150.00
2022-06-06,kapris,5.00
2022-06-06,mixsallad,20.00
2022-06-06,pommes_frites,180.00
2022-06-06,rödlök,20.00
2022-06-06,rödvinssås,40.00
2022-06-06,ströbröd,60.00
2022-06-06,tomat,20.00
2022-06-06,vetemjöl,15.00
2022-06-06,ägg,60.00
2022-06-09,bearnaisesås,70.00
2022-06-09,kalventrecote,300.00
2022-06-09,kapris,10.00
2022-06-09,mixsallad,40.00
2022-06-09,pommes_frites,360.00
2022-06-09,rödlök,40.00
2022-06-09,rödvinssås,80.00
2022-06-09,ströbröd,120.00
2022-06-09,tomat,40.00
2022-06-09,vetemjöl,30.00
2022-06-09,ägg,120.00
2022-06-10,bearnaisesås,175.00
2022-06-10,kalventrecote,750.00
2022-06-10,kapris,25.00
2022-06-10,mixsallad,100.00
2022-06-10,pommes_frites,900.00
2022-06-10,rödlök,100.00
2022-06-10,rödvinssås,200.00
2022-06-10,ströbröd,300.00
2022-06-10,tomat,100.00
2022-06-10,vetemjöl,75.00
2022-06-10,ägg,300.00
2022-06-11,bearnaisesås,35.00
2022-06-11,kalventrecote,150.00
2022-06-11,kapris,5.00
2022-06-11,mixsallad,20.00
2022-06-11,pommes_frites,180.00
2022-06-11,rödlök,20.00
2022-06-11,rödvinssås,40.00
2022-06-11,ströbröd,60.00
2022-06-11,tomat,20.00
2022-06-11,vetemjöl,15.00
2022-06-11,ägg,60.00
2022-06-12,bearnaisesås,70.00
2022-06-12,kalventrecote,300.00
2022-06-12,kapris,10.00
2022-06-12,mixsallad,40.00
2022-06-12,pommes_frites,360.00
2022-06-12,rödlök,40.00
2022-06-12,rödvinssås,80.00
2022-06-12,ströbröd,120.00
2022-06-12,tomat,40.00
2022-06-12,vetemjöl,30.00
2022-06-12,ägg,120.00
2022-06-14,bearnaisesås,105.00
2022-06-14,kalventrecote,450.00
2022-06-14,kapris,15.00
2022-06-14,mixsallad,60.00
2022-06-14,pommes_frites,540.00
2022-06-14,rödlök,60.00
2022-06-14,rödvinssås,120.00
2022-06-14,ströbröd,180.00
2022-06-14,tomat,60.00
2022-06-14,vetemjöl,45.00
2022-06-14,ägg,180.00
2022-06-17,bearnaisesås,70.00
2022-06-17,kalventrecote,300.00
2022-06-17,kapris,10.00
2022-06-17,mixsallad,40.00
2022-06-17,pommes_frites,360.00
2022-06-17,rödlök,40.00
2022-06-17,rödvinssås,80.00
2022-06-17,ströbröd,120.00
2022-06-17,tomat,40.00
2022-06-17,vetemjöl,30.00
2022-06-17,ägg,120.00
2022-06-18,bearnaisesås,245.00
2022-06-18,kalventrecote,1050.00
2022-06-18,kapris,35.00
2022-06-18,mixsallad,140.00
2022-06-18,pommes_frites,1260.00
2022-06-18,rödlök,140.00
2022-06-18,rödvinssås,280.00
2022-06-18,ströbröd,420.00
2022-06-18,tomat,140.00
2022-06-18,vetemjöl,105.00
2022-06-18,ägg,420.00
2022-06-19,bearnaisesås,175.00
2022-06-19,kalventrecote,750.00
2022-06-19,kapris,25.00
2022-06-19,mixsallad,100.00
2022-06-19,pommes_frites,900.00
2022-06-19,rödlök,100.00
2022-06-19,rödvinssås,200.00
2022-06-19,ströbröd,300.00
2022-06-19,tomat,100.00
2022-06-19,vetemjöl,75.00
2022-06-19,ägg,300.00
2022-06-20,bearnaisesås,35.00
2022-06-20,kalventrecote,150.00
2022-06-20,kapris,5.00
2022-06-20,mixsallad,20.00
2022-06-20,pommes_frites,180.00
2022-06-20,rödlök,20.00
2022-06-20,rödvinssås,40.00
2022-06-20,ströbröd,60.00
2022-06-20,tomat,20.00
2022-06-20,vetemjöl,15.00
2022-06-20,ägg,60.00
2022-06-22,bearnaisesås,105.00
2022-06-22,kalventrecote,450.00
2022-06-22,kapris,15.00
2022-06-22,mixsallad,60.00
2022-06-22,pommes_frites,540.00
2022-06-22,rödlök,60.00
2022-06-22,rödvinssås,120.00
2022-06-22,ströbröd,180.00
2022-06-22,tomat,60.00
2022-06-22,vetemjöl,45.00
2022-06-22,ägg,180.00
2022-06-23,bearnaisesås,315.00
2022-06-23,kalventrecote,1350.00
2022-06-23,kapris,45.00
2022-06-23,mixsallad,180.00
2022-06-23,pommes_frites,1620.00
2022-06-23,rödlök,180.00
2022-06-23,rödvinssås,360.00
2022-06-23,ströbröd,540.00
2022-06-23,tomat,180.00
2022-06-23,vetemjöl,135.00
2022-06-23,ägg,540.00
2022-06-25,bearnaisesås,420.00
2022-06-25,kalventrecote,1800.00
2022-06-25,kapris,60.00
2022-06-25,mixsallad,240.00
2022-06-25,pommes_frites,2160.00
2022-06-25,rödlök,240.00
2022-06-25,rödvinssås,480.00
2022-06-25,ströbröd,720.00
2022-06-25,tomat,240.00
2022-06-25,vetemjöl,180.00
2022-06-25,ägg,720.00
2022-06-26,bearnaisesås,175.00
2022-06-26,kalventrecote,750.00
2022-06-26,kapris,25.00
2022-06-26,mixsallad,100.00
2022-06-26,pommes_frites,900.00
2022-06-26,rödlök,100.00
2022-06-26,rödvinssås,200.00
2022-06-26,ströbröd,300.00
2022-06-26,tomat,100.00
2022-06-26,vetemjöl,75.00
2022-06-26,ägg,300.00
2022-06-27,bearnaisesås,105.00
2022-06-27,kalventrecote,450.00
2022-06-27,kapris,15.00
2022-06-27,mixsallad,60.00
2022-06-27,pommes_frites,540.00
2022-06-27,rödlök,60.00
2022-06-27,rödvinssås,120.00
2022-06-27,ströbröd,180.00
2022-06-27,tomat,60.00
2022-06-27,vetemjöl,45.00
2022-06-27,ägg,180.00
2022-06-28,bearnaisesås,70.00
2022-06-28,kalventrecote,300.00
2022-06-28,kapris,10.00
2022-06-28,mixsallad,40.00
2022-06-28,pommes_frites,360.00
2022-06-28,rödlök,40.00
2022-06-28,rödvinssås,80.00
2022-06-28,ströbröd,120.00
2022-06-28,tomat,40.00
2022-06-28,vetemjöl,30.00
2022-06-28,ägg,120.00
2022-06-29,bearnaisesås,140.00
2022-06-29,kalventrecote,600.00
2022-06-29,kapris,20.00
2022-06-29,mixsallad,80.00
2022-06-29,pommes_frites,720.00
2022-06-29,rödlök,80.00
2022-06-29,rödvinssås,160.00
2022-06-29,ströbröd,240.00
2022-06-29,tomat,80.00
2022-06-29,vetemjöl,60.00
2022-06-29,ägg,240.00
2022-06-30,bearnaisesås,140.00
2022-06-30,kalventrecote,600.00
2022-06-30,kapris,20.00
2022-06-30,mixsallad,80.00
2022-06-30,pommes_frites,720.00
2022-06-30,rödlök,80.00
2022-06-30,rödvinssås,160.00
2022-06-30,ströbröd,240.00
2022-06-30,tomat,80.00
2022-06-30,vetemjöl,60.00
2022-06-30,ägg,240.00
2022-07-01,bearnaisesås,140.00
2022-07-01,kalventrecote,600.00
2022-07-01,kapris,20.00
2022-07-01,mixsallad,80.00
2022-07-01,pommes_frites,720.00
2022-07-01,rödlök,80.00
2022-07-01,rödvinssås,160.00
2022-07-01,ströbröd,240.00
2022-07-01,tomat,80.00
2022-07-01,vetemjöl,60.00
2022-07-01,ägg,240.00
2022-07-02,bearnaisesås,35.00
2022-07-02,kalventrecote,150.00
2022-07-02,kapris,5.00
2022-07-02,mixsallad,20.00
2022-07-02,pommes_frites,180.00
2022-07-02,rödlök,20.00
2022-07-02,rödvinssås,40.00
2022-07-02,ströbröd,60.00
2022-07-02,tomat,20.00
2022-07-02,vetemjöl,15.00
2022-07-02,ägg,60.00
2022-07-07,bearnaisesås,140.00
2022-07-07,kalventrecote,600.00
2022-07-07,kapris,20.00
2022-07-07,mixsallad,80.00
2022-07-07,pommes_frites,720.00
2022-07-07,rödlök,80.00
2022-07-07,rödvinssås,160.00
2022-07-07,ströbröd,240.00
2022-07-07,tomat,80.00
2022-07-07,vetemjöl,60.00
2022-07-07,ägg,240.00
2022-07-08,bearnaisesås,105.00
2022-07-08,kalventrecote,450.00
2022-07-08,kapris,15.00
2022-07-08,mixsallad,60.00
2022-07-08,pommes_frites,540.00
2022-07-08,rödlök,60.00
2022-07-08,rödvinssås,120.00
2022-07-08,ströbröd,180.00
2022-07-08,tomat,60.00
2022-07-08,vetemjöl,45.00
2022-07-08,ägg,180.00
2022-07-09,bearnaisesås,280.00
2022-07-09,kalventrecote,1200.00
2022-07-09,kapris,40.00
2022-07-09,mixsallad,160.00
2022-07-09,pommes_frites,1440.00
2022-07-09,rödlök,160.00
2022-07-09,rödvinssås,320.00
2022-07-09,ströbröd,480.00
2022-07-09,tomat,160.00
2022-07-09,vetemjöl,120.00
2022-07-09,ägg,480.00
2022-07-10,bearnaisesås,105.00
2022-07-10,kalventrecote,450.00
2022-07-10,kapris,15.00
2022-07-10,mixsallad,60.00
2022-07-10,pommes_frites,540.00
2022-07-10,rödlök,60.00
2022-07-10,rödvinssås,120.00
2022-07-10,ströbröd,180.00
2022-07-10,tomat,60.00
2022-07-10,vetemjöl,45.00
2022-07-10,ägg,180.00
2022-07-11,bearnaisesås,175.00
2022-07-11,kalventrecote,750.00
2022-07-11,kapris,25.00
2022-07-11,mixsallad,100.00
2022-07-11,pommes_frites,900.00
2022-07-11,rödlök,100.00
2022-07-11,rödvinssås,200.00
2022-07-11,ströbröd,300.00
2022-07-11,tomat,100.00
2022-07-11,vetemjöl,75.00
2022-07-11,ägg,300.00
2022-07-12,bearnaisesås,175.00
2022-07-12,kalventrecote,750.00
2022-07-12,kapris,25.00
2022-07-12,mixsallad,100.00
2022-07-12,pommes_frites,900.00
2022-07-12,rödlök,100.00
2022-07-12,rödvinssås,200.00
2022-07-12,ströbröd,300.00
2022-07-12,tomat,100.00
2022-07-12,vetemjöl,75.00
2022-07-12,ägg,300.00
2022-07-13,bearnaisesås,70.00
2022-07-13,kalventrecote,300.00
2022-07-13,kapris,10.00
2022-07-13,mixsallad,40.00
2022-07-13,pommes_frites,360.00
2022-07-13,rödlök,40.00
2022-07-13,rödvinssås,80.00
2022-07-13,ströbröd,120.00
2022-07-13,tomat,40.00
2022-07-13,vetemjöl,30.00
2022-07-13,ägg,120.00
2022-07-14,bearnaisesås,35.00
2022-07-14,kalventrecote,150.00
2022-07-14,kapris,5.00
2022-07-14,mixsallad,20.00
2022-07-14,pommes_frites,180.00
2022-07-14,rödlök,20.00
2022-07-14,rödvinssås,40.00
2022-07-14,ströbröd,60.00
2022-07-14,tomat,20.00
2022-07-14,vetemjöl,15.00
2022-07-14,ägg,60.00
2022-07-15,bearnaisesås,70.00
2022-07-15,kalventrecote,300.00
2022-07-15,kapris,10.00
2022-07-15,mixsallad,40.00
2022-07-15,pommes_frites,360.00
2022-07-15,rödlök,40.00
2022-07-15,rödvinssås,80.00
2022-07-15,ströbröd,120.00
2022-07-15,tomat,40.00
2022-07-15,vetemjöl,30.00
2022-07-15,ägg,120.00
2022-07-16,bearnaisesås,350.00
2022-07-16,kalventrecote,1500.00
2022-07-16,kapris,50.00
2022-07-16,mixsallad,200.00
2022-07-16,pommes_frites,1800.00
2022-07-16,rödlök,200.00
2022-07-16,rödvinssås,400.00
2022-07-16,ströbröd,600.00
2022-07-16,tomat,200.00
2022-07-16,vetemjöl,150.00
2022-07-16,ägg,600.00
2022-07-17,bearnaisesås,315.00
2022-07-17,kalventrecote,1350.00
2022-07-17,kapris,45.00
2022-07-17,mixsallad,180.00
2022-07-17,pommes_frites,1620.00
2022-07-17,rödlök,180.00
2022-07-17,rödvinssås,360.00
2022-07-17,ströbröd,540.00
2022-07-17,tomat,180.00
2022-07-17,vetemjöl,135.00
2022-07-17,ägg,540.00
2022-07-18,bearnaisesås,140.00
2022-07-18,kalventrecote,600.00
2022-07-18,kapris,20.00
2022-07-18,mixsallad,80.00
2022-07-18,pommes_frites,720.00
2022-07-18,rödlök,80.00
2022-07-18,rödvinssås,160.00
2022-07-18,ströbröd,240.00
2022-07-18,tomat,80.00
2022-07-18,vetemjöl,60.00
2022-07-18,ägg,240.00
2022-07-19,bearnaisesås,35.00
2022-07-19,kalventrecote,150.00
2022-07-19,kapris,5.00
2022-07-19,mixsallad,20.00
2022-07-19,pommes_frites,180.00
2022-07-19,rödlök,20.00
2022-07-19,rödvinssås,40.00
2022-07-19,ströbröd,60.00
2022-07-19,tomat,20.00
2022-07-19,vetemjöl,15.00
2022-07-19,ägg,60.00
2022-07-20,bearnaisesås,140.00
2022-07-20,kalventrecote,600.00
2022-07-20,kapris,20.00
2022-07-20,mixsallad,80.00
2022-07-20,pommes_frites,720.00
2022-07-20,rödlök,80.00
2022-07-20,rödvinssås,160.00
2022-07-20,ströbröd,240.00
2022-07-20,tomat,80.00
2022-07-20,vetemjöl,60.00
2022-07-20,ägg,240.00
2022-07-21,bearnaisesås,210.00
2022-07-21,kalventrecote,900.00
2022-07-21,kapris,30.00
2022-07-21,mixsallad,120.00
2022-07-21,pommes_frites,1080.00
2022-07-21,rödlök,120.00
2022-07-21,rödvinssås,240.00
2022-07-21,ströbröd,360.00
2022-07-21,tomat,120.00
2022-07-21,vetemjöl,90.00
2022-07-21,ägg,360.00
2022-07-22,bearnaisesås,35.00
2022-07-22,kalventrecote,150.00
2022-07-22,kapris,5.00
2022-07-22,mixsallad,20.00
2022-07-22,pommes_frites,180.00
2022-07-22,rödlök,20.00
2022-07-22,rödvinssås,40.00
2022-07-22,ströbröd,60.00
2022-07-22,tomat,20.00
2022-07-22,vetemjöl,15.00
2022-07-22,ägg,60.00
2022-07-23,bearnaisesås,175.00
2022-07-23,kalventrecote,750.00
2022-07-23,kapris,25.00
2022-07-23,mixsallad,100.00
2022-07-23,pommes_frites,900.00
2022-07-23,rödlök,100.00
2022-07-23,rödvinssås,200.00
2022-07-23,ströbröd,300.00
2022-07-23,tomat,100.00
2022-07-23,vetemjöl,75.00
2022-07-23,ägg,300.00
2022-07-24,bearnaisesås,315.00
2022-07-24,kalventrecote,1350.00
2022-07-24,kapris,45.00
2022-07-24,mixsallad,180.00
2022-07-24,pommes_frites,1620.00
2022-07-24,rödlök,180.00
2022-07-24,rödvinssås,360.00
2022-07-24,ströbröd,540.00
2022-07-24,tomat,180.00
2022-07-24,vetemjöl,135.00
2022-07-24,ägg,540.00
2022-07-25,bearnaisesås,245.00
2022-07-25,kalventrecote,1050.00
2022-07-25,kapris,35.00
2022-07-25,mixsallad,140.00
2022-07-25,pommes_frites,1260.00
2022-07-25,rödlök,140.00
2022-07-25,rödvinssås,280.00
2022-07-25,ströbröd,420.00
2022-07-25,tomat,140.00
2022-07-25,vetemjöl,105.00
2022-07-25,ägg,420.00
2022-07-26,bearnaisesås,140.00
2022-07-26,kalventrecote,600.00
2022-07-26,kapris,20.00
2022-07-26,mixsallad,80.00
2022-07-26,pommes_frites,720.00
2022-07-26,rödlök,80.00
2022-07-26,rödvinssås,160.00
2022-07-26,ströbröd,240.00
2022-07-26,tomat,80.00
2022-07-26,vetemjöl,60.00
2022-07-26,ägg,240.00
2022-07-27,bearnaisesås,70.00
2022-07-27,kalventrecote,300.00
2022-07-27,kapris,10.00
2022-07-27,mixsallad,40.00
2022-07-27,pommes_frites,360.00
2022-07-27,rödlök,40.00
2022-07-27,rödvinssås,80.00
2022-07-27,ströbröd,120.00
2022-07-27,tomat,40.00
2022-07-27,vetemjöl,30.00
2022-07-27,ägg,120.00
2022-07-29,bearnaisesås,175.00
2022-07-29,kalventrecote,750.00
2022-07-29,kapris,25.00
2022-07-29,mixsallad,100.00
2022-07-29,pommes_frites,900.00
2022-07-29,rödlök,100.00
2022-07-29,rödvinssås,200.00
2022-07-29,ströbröd,300.00
2022-07-29,tomat,100.00
2022-07-29,vetemjöl,75.00
2022-07-29,ägg,300.00
2022-07-30,bearnaisesås,385.00
2022-07-30,kalventrecote,1650.00
2022-07-30,kapris,55.00
2022-07-30,mixsallad,220.00
2022-07-30,pommes_frites,1980.00
2022-07-30,rödlök,220.00
2022-07-30,rödvinssås,440.00
2022-07-30,ströbröd,660.00
2022-07-30,tomat,220.00
2022-07-30,vetemjöl,165.00
2022-07-30,ägg,660.00
2022-07-31,bearnaisesås,105.00
2022-07-31,kalventrecote,450.00
2022-07-31,kapris,15.00
2022-07-31,mixsallad,60.00
2022-07-31,pommes_frites,540.00
2022-07-31,rödlök,60.00
2022-07-31,rödvinssås,120.00
2022-07-31,ströbröd,180.00
2022-07-31,tomat,60.00
2022-07-31,vetemjöl,45.00
2022-07-31,ägg,180.00
2022-08-01,bearnaisesås,35.00
2022-08-01,kalventrecote,150.00
2022-08-01,kapris,5.00
2022-08-01,mixsallad,20.00
2022-08-01,pommes_frites,180.00
2022-08-01,rödlök,20.00
2022-08-01,rödvinssås,40.00
2022-08-01,ströbröd,60.00
2022-08-01,tomat,20.00
2022-08-01,vetemjöl,15.00
2022-08-01,ägg,60.00
2022-08-02,bearnaisesås,70.00
2022-08-02,kalventrecote,300.00
2022-08-02,kapris,10.00
2022-08-02,mixsallad,40.00
2022-08-02,pommes_frites,360.00
2022-08-02,rödlök,40.00
2022-08-02,rödvinssås,80.00
2022-08-02,ströbröd,120.00
2022-08-02,tomat,40.00
2022-08-02,vetemjöl,30.00
2022-08-02,ägg,120.00
2022-08-03,bearnaisesås,35.00
2022-08-03,kalventrecote,150.00
2022-08-03,kapris,5.00
2022-08-03,mixsallad,20.00
2022-08-03,pommes_frites,180.00
2022-08-03,rödlök,20.00
2022-08-03,rödvinssås,40.00
2022-08-03,ströbröd,60.00
2022-08-03,tomat,20.00
2022-08-03,vetemjöl,15.00
2022-08-03,ägg,60.00
2022-08-04,bearnaisesås,35.00
2022-08-04,kalventrecote,150.00
2022-08-04,kapris,5.00
2022-08-04,mixsallad,20.00
2022-08-04,pommes_frites,180.00
2022-08-04,rödlök,20.00
2022-08-04,rödvinssås,40.00
2022-08-04,ströbröd,60.00
2022-08-04,tomat,20.00
2022-08-04,vetemjöl,15.00
2022-08-04,ägg,60.00
2022-08-05,bearnaisesås,175.00
2022-08-05,kalventrecote,750.00
2022-08-05,kapris,25.00
2022-08-05,mixsallad,100.00
2022-08-05,pommes_frites,900.00
2022-08-05,rödlök,100.00
2022-08-05,rödvinssås,200.00
2022-08-05,ströbröd,300.00
2022-08-05,tomat,100.00
2022-08-05,vetemjöl,75.00
2022-08-05,ägg,300.00
2022-08-06,bearnaisesås,385.00
2022-08-06,kalventrecote,1650.00
2022-08-06,kapris,55.00
2022-08-06,mixsallad,220.00
2022-08-06,pommes_frites,1980.00
2022-08-06,rödlök,220.00
2022-08-06,rödvinssås,440.00
2022-08-06,ströbröd,660.00
2022-08-06,tomat,220.00
2022-08-06,vetemjöl,165.00
2022-08-06,ägg,660.00
2022-08-07,bearnaisesås,315.00
2022-08-07,kalventrecote,1350.00
2022-08-07,kapris,45.00
2022-08-07,mixsallad,180.00
2022-08-07,pommes_frites,1620.00
2022-08-07,rödlök,180.00
2022-08-07,rödvinssås,360.00
2022-08-07,ströbröd,540.00
2022-08-07,tomat,180.00
2022-08-07,vetemjöl,135.00
2022-08-07,ägg,540.00
2022-08-08,bearnaisesås,70.00
2022-08-08,kalventrecote,300.00
2022-08-08,kapris,10.00
2022-08-08,mixsallad,40.00
2022-08-08,pommes_frites,360.00
2022-08-08,rödlök,40.00
2022-08-08,rödvinssås,80.00
2022-08-08,ströbröd,120.00
2022-08-08,tomat,40.00
2022-08-08,vetemjöl,30.00
2022-08-08,ägg,120.00
2022-08-09,bearnaisesås,35.00
2022-08-09,kalventrecote,150.00
2022-08-09,kapris,5.00
2022-08-09,mixsallad,20.00
2022-08-09,pommes_frites,180.00
2022-08-09,rödlök,20.00
2022-08-09,rödvinssås,40.00
2022-08-09,ströbröd,60.00
2022-08-09,tomat,20.00
2022-08-09,vetemjöl,15.00
2022-08-09,ägg,60.00
2022-08-10,bearnaisesås,35.00
2022-08-10,kalventrecote,150.00
2022-08-10,kapris,5.00
2022-08-10,mixsallad,20.00
2022-08-10,pommes_frites,180.00
2022-08-10,rödlök,20.00
2022-08-10,rödvinssås,40.00
2022-08-10,ströbröd,60.00
2022-08-10,tomat,20.00
2022-08-10,vetemjöl,15.00
2022-08-10,ägg,60.00
2022-08-11,bearnaisesås,70.00
2022-08-11,kalventrecote,300.00
2022-08-11,kapris,10.00
2022-08-11,mixsallad,40.00
2022-08-11,pommes_frites,360.00
2022-08-11,rödlök,40.00
2022-08-11,rödvinssås,80.00
2022-08-11,ströbröd,120.00
2022-08-11,tomat,40.00
2022-08-11,vetemjöl,30.00
2022-08-11,ägg,120.00
2022-08-12,bearnaisesås,70.00
2022-08-12,kalventrecote,300.00
2022-08-12,kapris,10.00
2022-08-12,mixsallad,40.00
2022-08-12,pommes_frites,360.00
2022-08-12,rödlök,40.00
2022-08-12,rödvinssås,80.00
2022-08-12,ströbröd,120.00
2022-08-12,tomat,40.00
2022-08-12,vetemjöl,30.00
2022-08-12,ägg,120.00
2022-08-13,bearnaisesås,280.00
2022-08-13,kalventrecote,1200.00
2022-08-13,kapris,40.00
2022-08-13,mixsallad,160.00
2022-08-13,pommes_frites,1440.00
2022-08-13,rödlök,160.00
2022-08-13,rödvinssås,320.00
2022-08-13,ströbröd,480.00
2022-08-13,tomat,160.00
2022-08-13,vetemjöl,120.00
2022-08-13,ägg,480.00
2022-08-14,bearnaisesås,350.00
2022-08-14,kalventrecote,1500.00
2022-08-14,kapris,50.00
2022-08-14,mixsallad,200.00
2022-08-14,pommes_frites,1800.00
2022-08-14,rödlök,200.00
2022-08-14,rödvinssås,400.00
2022-08-14,ströbröd,600.00
2022-08-14,tomat,200.00
2022-08-14,vetemjöl,150.00
2022-08-14,ägg,600.00
2022-08-15,bearnaisesås,175.00
2022-08-15,kalventrecote,750.00
2022-08-15,kapris,25.00
2022-08-15,mixsallad,100.00
2022-08-15,pommes_frites,900.00
2022-08-15,rödlök,100.00
2022-08-15,rödvinssås,200.00
2022-08-15,ströbröd,300.00
2022-08-15,tomat,100.00
2022-08-15,vetemjöl,75.00
2022-08-15,ägg,300.00
2022-08-18,bearnaisesås,140.00
2022-08-18,kalventrecote,600.00
2022-08-18,kapris,20.00
2022-08-18,mixsallad,80.00
2022-08-18,pommes_frites,720.00
2022-08-18,rödlök,80.00
2022-08-18,rödvinssås,160.00
2022-08-18,ströbröd,240.00
2022-08-18,tomat,80.00
2022-08-18,vetemjöl,60.00
2022-08-18,ägg,240.00
2022-08-19,bearnaisesås,245.00
2022-08-19,kalventrecote,1050.00
2022-08-19,kapris,35.00
2022-08-19,mixsallad,140.00
2022-08-19,pommes_frites,1260.00
2022-08-19,rödlök,140.00
2022-08-19,rödvinssås,280.00
2022-08-19,ströbröd,420.00
2022-08-19,tomat,140.00
2022-08-19,vetemjöl,105.00
2022-08-19,ägg,420.00
2022-08-20,bearnaisesås,175.00
2022-08-20,kalventrecote,750.00
2022-08-20,kapris,25.00
2022-08-20,mixsallad,100.00
2022-08-20,pommes_frites,900.00
2022-08-20,rödlök,100.00
2022-08-20,rödvinssås,200.00
2022-08-20,ströbröd,300.00
2022-08-20,tomat,100.00
2022-08-20,vetemjöl,75.00
2022-08-20,ägg,300.00
2022-08-21,bearnaisesås,140.00
2022-08-21,kalventrecote,600.00
2022-08-21,kapris,20.00
2022-08-21,mixsallad,80.00
2022-08-21,pommes_frites,720.00
2022-08-21,rödlök,80.00
2022-08-21,rödvinssås,160.00
2022-08-21,ströbröd,240.00
2022-08-21,tomat,80.00
2022-08-21,vetemjöl,60.00
2022-08-21,ägg,240.00
2022-08-22,bearnaisesås,35.00
2022-08-22,kalventrecote,150.00
2022-08-22,kapris,5.00
2022-08-22,mixsallad,20.00
2022-08-22,pommes_frites,180.00
2022-08-22,rödlök,20.00
2022-08-22,rödvinssås,40.00
2022-08-22,ströbröd,60.00
2022-08-22,tomat,20.00
2022-08-22,vetemjöl,15.00
2022-08-22,ägg,60.00
2022-08-23,bearnaisesås,35.00
2022-08-23,kalventrecote,150.00
2022-08-23,kapris,5.00
2022-08-23,mixsallad,20.00
2022-08-23,pommes_frites,180.00
2022-08-23,rödlök,20.00
2022-08-23,rödvinssås,40.00
2022-08-23,ströbröd,60.00
2022-08-23,tomat,20.00
2022-08-23,vetemjöl,15.00
2022-08-23,ägg,60.00
2022-08-24,bearnaisesås,35.00
2022-08-24,kalventrecote,150.00
2022-08-24,kapris,5.00
2022-08-24,mixsallad,20.00
2022-08-24,pommes_frites,180.00
2022-08-24,rödlök,20.00
2022-08-24,rödvinssås,40.00
2022-08-24,ströbröd,60.00
2022-08-24,tomat,20.00
2022-08-24,vetemjöl,15.00
2022-08-24,ägg,60.00
2022-08-25,bearnaisesås,35.00
2022-08-25,kalventrecote,150.00
2022-08-25,kapris,5.00
2022-08-25,mixsallad,20.00
2022-08-25,pommes_frites,180.00
2022-08-25,rödlök,20.00
2022-08-25,rödvinssås,40.00
2022-08-25,ströbröd,60.00
2022-08-25,tomat,20.00
2022-08-25,vetemjöl,15.00
2022-08-25,ägg,60.00
2022-08-26,bearnaisesås,70.00
2022-08-26,kalventrecote,300.00
2022-08-26,kapris,10.00
2022-08-26,mixsallad,40.00
2022-08-26,pommes_frites,360.00
2022-08-26,rödlök,40.00
2022-08-26,rödvinssås,80.00
2022-08-26,ströbröd,120.00
2022-08-26,tomat,40.00
2022-08-26,vetemjöl,30.00
2022-08-26,ägg,120.00
2022-08-27,bearnaisesås,35.00
2022-08-27,kalventrecote,150.00
2022-08-27,kapris,5.00
2022-08-27,mixsallad,20.00
2022-08-27,pommes_frites,180.00
2022-08-27,rödlök,20.00
2022-08-27,rödvinssås,40.00
2022-08-27,ströbröd,60.00
2022-08-27,tomat,20.00
2022-08-27,vetemjöl,15.00
2022-08-27,ägg,60.00
2022-08-28,bearnaisesås,35.00
2022-08-28,kalventrecote,150.00
2022-08-28,kapris,5.00
2022-08-28,mixsallad,20.00
2022-08-28,pommes_frites,180.00
2022-08-28,rödlök,20.00
2022-08-28,rödvinssås,40.00
2022-08-28,ströbröd,60.00
2022-08-28,tomat,20.00
2022-08-28,vetemjöl,15.00
2022-08-28,ägg,60.00
2022-08-31,bearnaisesås,210.00
2022-08-31,kalventrecote,900.00
2022-08-31,kapris,30.00
2022-08-31,mixsallad,120.00
2022-08-31,pommes_frites,1080.00
2022-08-31,rödlök,120.00
2022-08-31,rödvinssås,240.00
2022-08-31,ströbröd,360.00
2022-08-31,tomat,120.00
2022-08-31,vetemjöl,90.00
2022-08-31,ägg,360.00
2022-09-01,bearnaisesås,140.00
2022-09-01,kalventrecote,600.00
2022-09-01,kapris,20.00
2022-09-01,mixsallad,80.00
2022-09-01,pommes_frites,720.00
2022-09-01,rödlök,80.00
2022-09-01,rödvinssås,160.00
2022-09-01,ströbröd,240.00
2022-09-01,tomat,80.00
2022-09-01,vetemjöl,60.00
2022-09-01,ägg,240.00
2022-09-03,bearnaisesås,280.00
2022-09-03,kalventrecote,1200.00
2022-09-03,kapris,40.00
2022-09-03,mixsallad,160.00
2022-09-03,pommes_frites,1440.00
2022-09-03,rödlök,160.00
2022-09-03,rödvinssås,320.00
2022-09-03,ströbröd,480.00
2022-09-03,tomat,160.00
2022-09-03,vetemjöl,120.00
2022-09-03,ägg,480.00
2022-09-04,bearnaisesås,140.00
2022-09-04,kalventrecote,600.00
2022-09-04,kapris,20.00
2022-09-04,mixsallad,80.00
2022-09-04,pommes_frites,720.00
2022-09-04,rödlök,80.00
2022-09-04,rödvinssås,160.00
2022-09-04,ströbröd,240.00
2022-09-04,tomat,80.00
2022-09-04,vetemjöl,60.00
2022-09-04,ägg,240.00
2022-09-05,bearnaisesås,70.00
2022-09-05,kalventrecote,300.00
2022-09-05,kapris,10.00
2022-09-05,mixsallad,40.00
2022-09-05,pommes_frites,360.00
2022-09-05,rödlök,40.00
2022-09-05,rödvinssås,80.00
2022-09-05,ströbröd,120.00
2022-09-05,tomat,40.00
2022-09-05,vetemjöl,30.00
2022-09-05,ägg,120.00
2022-09-07,bearnaisesås,70.00
2022-09-07,kalventrecote,300.00
2022-09-07,kapris,10.00
2022-09-07,mixsallad,40.00
2022-09-07,pommes_frites,360.00
2022-09-07,rödlök,40.00
2022-09-07,rödvinssås,80.00
2022-09-07,ströbröd,120.00
2022-09-07,tomat,40.00
2022-09-07,vetemjöl,30.00
2022-09-07,ägg,120.00
2022-09-08,bearnaisesås,70.00
2022-09-08,kalventrecote,300.00
2022-09-08,kapris,10.00
2022-09-08,mixsallad,40.00
2022-09-08,pommes_frites,360.00
2022-09-08,rödlök,40.00
2022-09-08,rödvinssås,80.00
2022-09-08,ströbröd,120.00
2022-09-08,tomat,40.00
2022-09-08,vetemjöl,30.00
2022-09-08,ägg,120.00
2022-09-10,bearnaisesås,105.00
2022-09-10,kalventrecote,450.00
2022-09-10,kapris,15.00
2022-09-10,mixsallad,60.00
2022-09-10,pommes_frites,540.00
2022-09-10,rödlök,60.00
2022-09-10,rödvinssås,120.00
2022-09-10,ströbröd,180.00
2022-09-10,tomat,60.00
2022-09-10,vetemjöl,45.00
2022-09-10,ägg,180.00
2022-09-11,bearnaisesås,105.00
2022-09-11,kalventrecote,450.00
2022-09-11,kapris,15.00
2022-09-11,mixsallad,60.00
2022-09-11,pommes_frites,540.00
2022-09-11,rödlök,60.00
2022-09-11,rödvinssås,120.00
2022-09-11,ströbröd,180.00
2022-09-11,tomat,60.00
2022-09-11,vetemjöl,45.00
2022-09-11,ägg,180.00
2022-09-12,bearnaisesås,35.00
2022-09-12,kalventrecote,150.00
2022-09-12,kapris,5.00
2022-09-12,mixsallad,20.00
2022-09-12,pommes_frites,180.00
2022-09-12,rödlök,20.00
2022-09-12,rödvinssås,40.00
2022-09-12,ströbröd,60.00
2022-09-12,tomat,20.00
2022-09-12,vetemjöl,15.00
2022-09-12,ägg,60.00
2022-09-13,bearnaisesås,70.00
2022-09-13,kalventrecote,300.00
2022-09-13,kapris,10.00
2022-09-13,mixsallad,40.00
2022-09-13,pommes_frites,360.00
2022-09-13,rödlök,40.00
2022-09-13,rödvinssås,80.00
2022-09-13,ströbröd,120.00
2022-09-13,tomat,40.00
2022-09-13,vetemjöl,30.00
2022-09-13,ägg,120.00
2022-09-14,bearnaisesås,175.00
2022-09-14,kalventrecote,750.00
2022-09-14,kapris,25.00
2022-09-14,mixsallad,100.00
2022-09-14,pommes_frites,900.00
2022-09-14,rödlök,100.00
2022-09-14,rödvinssås,200.00
2022-09-14,ströbröd,300.00
2022-09-14,tomat,100.00
2022-09-14,vetemjöl,75.00
2022-09-14,ägg,300.00
2022-09-15,bearnaisesås,105.00
2022-09-15,kalventrecote,450.00
2022-09-15,kapris,15.00
2022-09-15,mixsallad,60.00
2022-09-15,pommes_frites,540.00
2022-09-15,rödlök,60.00
2022-09-15,rödvinssås,120.00
2022-09-15,ströbröd,180.00
2022-09-15,tomat,60.00
2022-09-15,vetemjöl,45.00
2022-09-15,ägg,180.00
2022-09-17,bearnaisesås,525.00
2022-09-17,kalventrecote,2250.00
2022-09-17,kapris,75.00
2022-09-17,mixsallad,300.00
2022-09-17,pommes_frites,2700.00
2022-09-17,rödlök,300.00
2022-09-17,rödvinssås,600.00
2022-09-17,ströbröd,900.00
2022-09-17,tomat,300.00
2022-09-17,vetemjöl,225.00
2022-09-17,ägg,900.00
2022-09-18,bearnaisesås,280.00
2022-09-18,kalventrecote,1200.00
2022-09-18,kapris,40.00
2022-09-18,mixsallad,160.00
2022-09-18,pommes_frites,1440.00
2022-09-18,rödlök,160.00
2022-09-18,rödvinssås,320.00
2022-09-18,ströbröd,480.00
2022-09-18,tomat,160.00
2022-09-18,vetemjöl,120.00
2022-09-18,ägg,480.00
2022-09-23,bearnaisesås,70.00
2022-09-23,kalventrecote,300.00
2022-09-23,kapris,10.00
2022-09-23,mixsallad,40.00
2022-09-23,pommes_frites,360.00
2022-09-23,rödlök,40.00
2022-09-23,rödvinssås,80.00
2022-09-23,ströbröd,120.00
2022-09-23,tomat,40.00
2022-09-23,vetemjöl,30.00
2022-09-23,ägg,120.00
2022-09-24,bearnaisesås,105.00
2022-09-24,kalventrecote,450.00
2022-09-24,kapris,15.00
2022-09-24,mixsallad,60.00
2022-09-24,pommes_frites,540.00
2022-09-24,rödlök,60.00
2022-09-24,rödvinssås,120.00
2022-09-24,ströbröd,180.00
2022-09-24,tomat,60.00
2022-09-24,vetemjöl,45.00
2022-09-24,ägg,180.00
2022-09-25,bearnaisesås,70.00
2022-09-25,kalventrecote,300.00
2022-09-25,kapris,10.00
2022-09-25,mixsallad,40.00
2022-09-25,pommes_frites,360.00
2022-09-25,rödlök,40.00
2022-09-25,rödvinssås,80.00
2022-09-25,ströbröd,120.00
2022-09-25,tomat,40.00
2022-09-25,vetemjöl,30.00
2022-09-25,ägg,120.00
2022-09-26,bearnaisesås,70.00
2022-09-26,kalventrecote,300.00
2022-09-26,kapris,10.00
2022-09-26,mixsallad,40.00
2022-09-26,pommes_frites,360.00
2022-09-26,rödlök,40.00
2022-09-26,rödvinssås,80.00
2022-09-26,ströbröd,120.00
2022-09-26,tomat,40.00
2022-09-26,vetemjöl,30.00
2022-09-26,ägg,120.00
2022-09-27,bearnaisesås,105.00
2022-09-27,kalventrecote,450.00
2022-09-27,kapris,15.00
2022-09-27,mixsallad,60.00
2022-09-27,pommes_frites,540.00
2022-09-27,rödlök,60.00
2022-09-27,rödvinssås,120.00
2022-09-27,ströbröd,180.00
2022-09-27,tomat,60.00
2022-09-27,vetemjöl,45.00
2022-09-27,ägg,180.00
2022-09-29,bearnaisesås,105.00
2022-09-29,kalventrecote,450.00
2022-09-29,kapris,15.00
2022-09-29,mixsallad,60.00
2022-09-29,pommes_frites,540.00
2022-09-29,rödlök,60.00
2022-09-29,rödvinssås,120.00
2022-09-29,ströbröd,180.00
2022-09-29,tomat,60.00
2022-09-29,vetemjöl,45.00
2022-09-29,ägg,180.00
2022-10-01,bearnaisesås,140.00
2022-10-01,kalventrecote,600.00
2022-10-01,kapris,20.00
2022-10-01,mixsallad,80.00
2022-10-01,pommes_frites,720.00
2022-10-01,rödlök,80.00
2022-10-01,rödvinssås,160.00
2022-10-01,ströbröd,240.00
2022-10-01,tomat,80.00
2022-10-01,vetemjöl,60.00
2022-10-01,ägg,240.00
2022-10-02,bearnaisesås,70.00
2022-10-02,kalventrecote,300.00
2022-10-02,kapris,10.00
2022-10-02,mixsallad,40.00
2022-10-02,pommes_frites,360.00
2022-10-02,rödlök,40.00
2022-10-02,rödvinssås,80.00
2022-10-02,ströbröd,120.00
2022-10-02,tomat,40.00
2022-10-02,vetemjöl,30.00
2022-10-02,ägg,120.00
2022-10-03,bearnaisesås,35.00
2022-10-03,kalventrecote,150.00
2022-10-03,kapris,5.00
2022-10-03,mixsallad,20.00
2022-10-03,pommes_frites,180.00
2022-10-03,rödlök,20.00
2022-10-03,rödvinssås,40.00
2022-10-03,ströbröd,60.00
2022-10-03,tomat,20.00
2022-10-03,vetemjöl,15.00
2022-10-03,ägg,60.00
2022-10-04,bearnaisesås,70.00
2022-10-04,kalventrecote,300.00
2022-10-04,kapris,10.00
2022-10-04,mixsallad,40.00
2022-10-04,pommes_frites,360.00
2022-10-04,rödlök,40.00
2022-10-04,rödvinssås,80.00
2022-10-04,ströbröd,120.00
2022-10-04,tomat,40.00
2022-10-04,vetemjöl,30.00
2022-10-04,ägg,120.00
2022-10-07,bearnaisesås,35.00
2022-10-07,kalventrecote,150.00
2022-10-07,kapris,5.00
2022-10-07,mixsallad,20.00
2022-10-07,pommes_frites,180.00
2022-10-07,rödlök,20.00
2022-10-07,rödvinssås,40.00
2022-10-07,ströbröd,60.00
2022-10-07,tomat,20.00
2022-10-07,vetemjöl,15.00
2022-10-07,ägg,60.00
2022-10-08,bearnaisesås,175.00
2022-10-08,kalventrecote,750.00
2022-10-08,kapris,25.00
2022-10-08,mixsallad,100.00
2022-10-08,pommes_frites,900.00
2022-10-08,rödlök,100.00
2022-10-08,rödvinssås,200.00
2022-10-08,ströbröd,300.00
2022-10-08,tomat,100.00
2022-10-08,vetemjöl,75.00
2022-10-08,ägg,300.00
2022-10-09,bearnaisesås,35.00
2022-10-09,kalventrecote,150.00
2022-10-09,kapris,5.00
2022-10-09,mixsallad,20.00
2022-10-09,pommes_frites,180.00
2022-10-09,rödlök,20.00
2022-10-09,rödvinssås,40.00
2022-10-09,ströbröd,60.00
2022-10-09,tomat,20.00
2022-10-09,vetemjöl,15.00
2022-10-09,ägg,60.00
2022-10-11,bearnaisesås,70.00
2022-10-11,kalventrecote,300.00
2022-10-11,kapris,10.00
2022-10-11,mixsallad,40.00
2022-10-11,pommes_frites,360.00
2022-10-11,rödlök,40.00
2022-10-11,rödvinssås,80.00
2022-10-11,ströbröd,120.00
2022-10-11,tomat,40.00
2022-10-11,vetemjöl,30.00
2022-10-11,ägg,120.00
2022-10-13,bearnaisesås,245.00
2022-10-13,kalventrecote,1050.00
2022-10-13,kapris,35.00
2022-10-13,mixsallad,140.00
2022-10-13,pommes_frites,1260.00
2022-10-13,rödlök,140.00
2022-10-13,rödvinssås,280.00
2022-10-13,ströbröd,420.00
2022-10-13,tomat,140.00
2022-10-13,vetemjöl,105.00
2022-10-13,ägg,420.00
2022-10-15,bearnaisesås,245.00
2022-10-15,kalventrecote,1050.00
2022-10-15,kapris,35.00
2022-10-15,mixsallad,140.00
2022-10-15,pommes_frites,1260.00
2022-10-15,rödlök,140.00
2022-10-15,rödvinssås,280.00
2022-10-15,ströbröd,420.00
2022-10-15,tomat,140.00
2022-10-15,vetemjöl,105.00
2022-10-15,ägg,420.00
2022-10-16,bearnaisesås,175.00
2022-10-16,kalventrecote,750.00
2022-10-16,kapris,25.00
2022-10-16,mixsallad,100.00
2022-10-16,pommes_frites,900.00
2022-10-16,rödlök,100.00
2022-10-16,rödvinssås,200.00
2022-10-16,ströbröd,300.00
2022-10-16,tomat,100.00
2022-10-16,vetemjöl,75.00
2022-10-16,ägg,300.00
2022-10-22,bearnaisesås,105.00
2022-10-22,kalventrecote,450.00
2022-10-22,kapris,15.00
2022-10-22,mixsallad,60.00
2022-10-22,pommes_frites,540.00
2022-10-22,rödlök,60.00
2022-10-22,rödvinssås,120.00
2022-10-22,ströbröd,180.00
2022-10-22,tomat,60.00
2022-10-22,vetemjöl,45.00
2022-10-22,ägg,180.00
2022-10-23,bearnaisesås,0.00
2022-10-23,kalventrecote,0.00
2022-10-23,kapris,0.00
2022-10-23,mixsallad,0.00
2022-10-23,pommes_frites,0.00
2022-10-23,rödlök,0.00
2022-10-23,rödvinssås,0.00
2022-10-23,ströbröd,0.00
2022-10-23,tomat,0.00
2022-10-23,vetemjöl,0.00
2022-10-23,ägg,0.00
2022-10-24,bearnaisesås,35.00
2022-10-24,kalventrecote,150.00
2022-10-24,kapris,5.00
2022-10-24,mixsallad,20.00
2022-10-24,pommes_frites,180.00
2022-10-24,rödlök,20.00
2022-10-24,rödvinssås,40.00
2022-10-24,ströbröd,60.00
2022-10-24,tomat,20.00
2022-10-24,vetemjöl,15.00
2022-10-24,ägg,60.00
2022-10-25,bearnaisesås,35.00
2022-10-25,kalventrecote,150.00
2022-10-25,kapris,5.00
2022-10-25,mixsallad,20.00
2022-10-25,pommes_frites,180.00
2022-10-25,rödlök,20.00
2022-10-25,rödvinssås,40.00
2022-10-25,ströbröd,60.00
2022-10-25,tomat,20.00
2022-10-25,vetemjöl,15.00
2022-10-25,ägg,60.00
2022-10-29,bearnaisesås,455.00
2022-10-29,kalventrecote,1950.00
2022-10-29,kapris,65.00
2022-10-29,mixsallad,260.00
2022-10-29,pommes_frites,2340.00
2022-10-29,rödlök,260.00
2022-10-29,rödvinssås,520.00
2022-10-29,ströbröd,780.00
2022-10-29,tomat,260.00
2022-10-29,vetemjöl,195.00
2022-10-29,ägg,780.00
2022-10-30,bearnaisesås,140.00
2022-10-30,kalventrecote,600.00
2022-10-30,kapris,20.00
2022-10-30,mixsallad,80.00
2022-10-30,pommes_frites,720.00
2022-10-30,rödlök,80.00
2022-10-30,rödvinssås,160.00
2022-10-30,ströbröd,240.00
2022-10-30,tomat,80.00
2022-10-30,vetemjöl,60.00
2022-10-30,ägg,240.00
2022-11-01,bearnaisesås,70.00
2022-11-01,kalventrecote,300.00
2022-11-01,kapris,10.00
2022-11-01,mixsallad,40.00
2022-11-01,pommes_frites,360.00
2022-11-01,rödlök,40.00
2022-11-01,rödvinssås,80.00
2022-11-01,ströbröd,120.00
2022-11-01,tomat,40.00
2022-11-01,vetemjöl,30.00
2022-11-01,ägg,120.00
2022-11-05,bearnaisesås,140.00
2022-11-05,kalventrecote,600.00
2022-11-05,kapris,20.00
2022-11-05,mixsallad,80.00
2022-11-05,pommes_frites,720.00
2022-11-05,rödlök,80.00
2022-11-05,rödvinssås,160.00
2022-11-05,ströbröd,240.00
2022-11-05,tomat,80.00
2022-11-05,vetemjöl,60.00
2022-11-05,ägg,240.00
2022-11-06,bearnaisesås,105.00
2022-11-06,kalventrecote,450.00
2022-11-06,kapris,15.00
2022-11-06,mixsallad,60.00
2022-11-06,pommes_frites,540.00
2022-11-06,rödlök,60.00
2022-11-06,rödvinssås,120.00
2022-11-06,ströbröd,180.00
2022-11-06,tomat,60.00
2022-11-06,vetemjöl,45.00
2022-11-06,ägg,180.00
2022-11-07,bearnaisesås,35.00
2022-11-07,kalventrecote,150.00
2022-11-07,kapris,5.00
2022-11-07,mixsallad,20.00
2022-11-07,pommes_frites,180.00
2022-11-07,rödlök,20.00
2022-11-07,rödvinssås,40.00
2022-11-07,ströbröd,60.00
2022-11-07,tomat,20.00
2022-11-07,vetemjöl,15.00
2022-11-07,ägg,60.00
2022-11-08,bearnaisesås,35.00
2022-11-08,kalventrecote,150.00
2022-11-08,kapris,5.00
2022-11-08,mixsallad,20.00
2022-11-08,pommes_frites,180.00
2022-11-08,rödlök,20.00
2022-11-08,rödvinssås,40.00
2022-11-08,ströbröd,60.00
2022-11-08,tomat,20.00
2022-11-08,vetemjöl,15.00
2022-11-08,ägg,60.00
2022-11-10,bearnaisesås,105.00
2022-11-10,kalventrecote,450.00
2022-11-10,kapris,15.00
2022-11-10,mixsallad,60.00
2022-11-10,pommes_frites,540.00
2022-11-10,rödlök,60.00
2022-11-10,rödvinssås,120.00
2022-11-10,ströbröd,180.00
2022-11-10,tomat,60.00
2022-11-10,vetemjöl,45.00
2022-11-10,ägg,180.00
2022-11-12,bearnaisesås,35.00
2022-11-12,kalventrecote,150.00
2022-11-12,kapris,5.00
2022-11-12,mixsallad,20.00
2022-11-12,pommes_frites,180.00
2022-11-12,rödlök,20.00
2022-11-12,rödvinssås,40.00
2022-11-12,ströbröd,60.00
2022-11-12,tomat,20.00
2022-11-12,vetemjöl,15.00
2022-11-12,ägg,60.00
2022-11-13,bearnaisesås,175.00
2022-11-13,kalventrecote,750.00
2022-11-13,kapris,25.00
2022-11-13,mixsallad,100.00
2022-11-13,pommes_frites,900.00
2022-11-13,rödlök,100.00
2022-11-13,rödvinssås,200.00
2022-11-13,ströbröd,300.00
2022-11-13,tomat,100.00
2022-11-13,vetemjöl,75.00
2022-11-13,ägg,300.00
2022-11-14,bearnaisesås,35.00
2022-11-14,kalventrecote,150.00
2022-11-14,kapris,5.00
2022-11-14,mixsallad,20.00
2022-11-14,pommes_frites,180.00
2022-11-14,rödlök,20.00
2022-11-14,rödvinssås,40.00
2022-11-14,ströbröd,60.00
2022-11-14,tomat,20.00
2022-11-14,vetemjöl,15.00
2022-11-14,ägg,60.00
2022-11-16,bearnaisesås,140.00
2022-11-16,kalventrecote,600.00
2022-11-16,kapris,20.00
2022-11-16,mixsallad,80.00
2022-11-16,pommes_frites,720.00
2022-11-16,rödlök,80.00
2022-11-16,rödvinssås,160.00
2022-11-16,ströbröd,240.00
2022-11-16,tomat,80.00
2022-11-16,vetemjöl,60.00
2022-11-16,ägg,240.00
2022-11-17,bearnaisesås,210.00
2022-11-17,kalventrecote,900.00
2022-11-17,kapris,30.00
2022-11-17,mixsallad,120.00
2022-11-17,pommes_frites,1080.00
2022-11-17,rödlök,120.00
2022-11-17,rödvinssås,240.00
2022-11-17,ströbröd,360.00
2022-11-17,tomat,120.00
2022-11-17,vetemjöl,90.00
2022-11-17,ägg,360.00
2022-11-19,bearnaisesås,420.00
2022-11-19,kalventrecote,1800.00
2022-11-19,kapris,60.00
2022-11-19,mixsallad,240.00
2022-11-19,pommes_frites,2160.00
2022-11-19,rödlök,240.00
2022-11-19,rödvinssås,480.00
2022-11-19,ströbröd,720.00
2022-11-19,tomat,240.00
2022-11-19,vetemjöl,180.00
2022-11-19,ägg,720.00
2022-11-20,bearnaisesås,35.00
2022-11-20,kalventrecote,150.00
2022-11-20,kapris,5.00
2022-11-20,mixsallad,20.00
2022-11-20,pommes_frites,180.00
2022-11-20,rödlök,20.00
2022-11-20,rödvinssås,40.00
2022-11-20,ströbröd,60.00
2022-11-20,tomat,20.00
2022-11-20,vetemjöl,15.00
2022-11-20,ägg,60.00
2022-11-24,bearnaisesås,140.00
2022-11-24,kalventrecote,600.00
2022-11-24,kapris,20.00
2022-11-24,mixsallad,80.00
2022-11-24,pommes_frites,720.00
2022-11-24,rödlök,80.00
2022-11-24,rödvinssås,160.00
2022-11-24,ströbröd,240.00
2022-11-24,tomat,80.00
2022-11-24,vetemjöl,60.00
2022-11-24,ägg,240.00
2022-11-25,bearnaisesås,70.00
2022-11-25,kalventrecote,300.00
2022-11-25,kapris,10.00
2022-11-25,mixsallad,40.00
2022-11-25,pommes_frites,360.00
2022-11-25,rödlök,40.00
2022-11-25,rödvinssås,80.00
2022-11-25,ströbröd,120.00
2022-11-25,tomat,40.00
2022-11-25,vetemjöl,30.00
2022-11-25,ägg,120.00
2022-11-26,bearnaisesås,245.00
2022-11-26,kalventrecote,1050.00
2022-11-26,kapris,35.00
2022-11-26,mixsallad,140.00
2022-11-26,pommes_frites,1260.00
2022-11-26,rödlök,140.00
2022-11-26,rödvinssås,280.00
2022-11-26,ströbröd,420.00
2022-11-26,tomat,140.00
2022-11-26,vetemjöl,105.00
2022-11-26,ägg,420.00
2022-11-27,bearnaisesås,105.00
2022-11-27,kalventrecote,450.00
2022-11-27,kapris,15.00
2022-11-27,mixsallad,60.00
2022-11-27,pommes_frites,540.00
2022-11-27,rödlök,60.00
2022-11-27,rödvinssås,120.00
2022-11-27,ströbröd,180.00
2022-11-27,tomat,60.00
2022-11-27,vetemjöl,45.00
2022-11-27,ägg,180.00
2022-11-29,bearnaisesås,35.00
2022-11-29,kalventrecote,150.00
2022-11-29,kapris,5.00
2022-11-29,mixsallad,20.00
2022-11-29,pommes_frites,180.00
2022-11-29,rödlök,20.00
2022-11-29,rödvinssås,40.00
2022-11-29,ströbröd,60.00
2022-11-29,tomat,20.00
2022-11-29,vetemjöl,15.00
2022-11-29,ägg,60.00
2022-11-30,bearnaisesås,140.00
2022-11-30,kalventrecote,600.00
2022-11-30,kapris,20.00
2022-11-30,mixsallad,80.00
2022-11-30,pommes_frites,720.00
2022-11-30,rödlök,80.00
2022-11-30,rödvinssås,160.00
2022-11-30,ströbröd,240.00
2022-11-30,tomat,80.00
2022-11-30,vetemjöl,60.00
2022-11-30,ägg,240.00
2022-12-01,bearnaisesås,35.00
2022-12-01,kalventrecote,150.00
2022-12-01,kapris,5.00
2022-12-01,mixsallad,20.00
2022-12-01,pommes_frites,180.00
2022-12-01,rödlök,20.00
2022-12-01,rödvinssås,40.00
2022-12-01,ströbröd,60.00
2022-12-01,tomat,20.00
2022-12-01,vetemjöl,15.00
2022-12-01,ägg,60.00
2022-12-03,bearnaisesås,455.00
2022-12-03,kalventrecote,1950.00
2022-12-03,kapris,65.00
2022-12-03,mixsallad,260.00
2022-12-03,pommes_frites,2340.00
2022-12-03,rödlök,260.00
2022-12-03,rödvinssås,520.00
2022-12-03,ströbröd,780.00
2022-12-03,tomat,260.00
2022-12-03,vetemjöl,195.00
2022-12-03,ägg,780.00
2022-12-04,bearnaisesås,105.00
2022-12-04,kalventrecote,450.00
2022-12-04,kapris,15.00
2022-12-04,mixsallad,60.00
2022-12-04,pommes_frites,540.00
2022-12-04,rödlök,60.00
2022-12-04,rödvinssås,120.00
2022-12-04,ströbröd,180.00
2022-12-04,tomat,60.00
2022-12-04,vetemjöl,45.00
2022-12-04,ägg,180.00
2022-12-09,bearnaisesås,35.00
2022-12-09,kalventrecote,150.00
2022-12-09,kapris,5.00
2022-12-09,mixsallad,20.00
2022-12-09,pommes_frites,180.00
2022-12-09,rödlök,20.00
2022-12-09,rödvinssås,40.00
2022-12-09,ströbröd,60.00
2022-12-09,tomat,20.00
2022-12-09,vetemjöl,15.00
2022-12-09,ägg,60.00
2022-12-10,bearnaisesås,210.00
2022-12-10,kalventrecote,900.00
2022-12-10,kapris,30.00
2022-12-10,mixsallad,120.00
2022-12-10,pommes_frites,1080.00
2022-12-10,rödlök,120.00
2022-12-10,rödvinssås,240.00
2022-12-10,ströbröd,360.00
2022-12-10,tomat,120.00
2022-12-10,vetemjöl,90.00
2022-12-10,ägg,360.00
2022-12-11,bearnaisesås,35.00
2022-12-11,kalventrecote,150.00
2022-12-11,kapris,5.00
2022-12-11,mixsallad,20.00
2022-12-11,pommes_frites,180.00
2022-12-11,rödlök,20.00
2022-12-11,rödvinssås,40.00
2022-12-11,ströbröd,60.00
2022-12-11,tomat,20.00
2022-12-11,vetemjöl,15.00
2022-12-11,ägg,60.00
2022-12-14,bearnaisesås,140.00
2022-12-14,kalventrecote,600.00
2022-12-14,kapris,20.00
2022-12-14,mixsallad,80.00
2022-12-14,pommes_frites,720.00
2022-12-14,rödlök,80.00
2022-12-14,rödvinssås,160.00
2022-12-14,ströbröd,240.00
2022-12-14,tomat,80.00
2022-12-14,vetemjöl,60.00
2022-12-14,ägg,240.00
2022-12-17,bearnaisesås,35.00
2022-12-17,kalventrecote,150.00
2022-12-17,kapris,5.00
2022-12-17,mixsallad,20.00
2022-12-17,pommes_frites,180.00
2022-12-17,rödlök,20.00
2022-12-17,rödvinssås,40.00
2022-12-17,ströbröd,60.00
2022-12-17,tomat,20.00
2022-12-17,vetemjöl,15.00
2022-12-17,ägg,60.00
2022-12-18,bearnaisesås,175.00
2022-12-18,kalventrecote,750.00
2022-12-18,kapris,25.00
2022-12-18,mixsallad,100.00
2022-12-18,pommes_frites,900.00
2022-12-18,rödlök,100.00
2022-12-18,rödvinssås,200.00
2022-12-18,ströbröd,300.00
2022-12-18,tomat,100.00
2022-12-18,vetemjöl,75.00
2022-12-18,ägg,300.00
2022-12-22,bearnaisesås,70.00
2022-12-22,kalventrecote,300.00
2022-12-22,kapris,10.00
2022-12-22,mixsallad,40.00
2022-12-22,pommes_frites,360.00
2022-12-22,rödlök,40.00
2022-12-22,rödvinssås,80.00
2022-12-22,ströbröd,120.00
2022-12-22,tomat,40.00
2022-12-22,vetemjöl,30.00
2022-12-22,ägg,120.00
2022-12-26,bearnaisesås,70.00
2022-12-26,kalventrecote,300.00
2022-12-26,kapris,10.00
2022-12-26,mixsallad,40.00
2022-12-26,pommes_frites,360.00
2022-12-26,rödlök,40.00
2022-12-26,rödvinssås,80.00
2022-12-26,ströbröd,120.00
2022-12-26,tomat,40.00
2022-12-26,vetemjöl,30.00
2022-12-26,ägg,120.00
2022-12-27,bearnaisesås,35.00
2022-12-27,kalventrecote,150.00
2022-12-27,kapris,5.00
2022-12-27,mixsallad,20.00
2022-12-27,pommes_frites,180.00
2022-12-27,rödlök,20.00
2022-12-27,rödvinssås,40.00
2022-12-27,ströbröd,60.00
2022-12-27,tomat,20.00
2022-12-27,vetemjöl,15.00
2022-12-27,ägg,60.00
2022-12-28,bearnaisesås,35.00
2022-12-28,kalventrecote,150.00
2022-12-28,kapris,5.00
2022-12-28,mixsallad,20.00
2022-12-28,pommes_frites,180.00
2022-12-28,rödlök,20.00
2022-12-28,rödvinssås,40.00
2022-12-28,ströbröd,60.00
2022-12-28,tomat,20.00
2022-12-28,vetemjöl,15.00
2022-12-28,ägg,60.00
