datum,ingredient_amount,ingredient_name
2022-01-01,360.00,pommes_frites
2022-01-01,40.00,mixsallad
2022-01-01,40.00,tomat
2022-01-01,40.00,rödlök
2022-01-01,10.00,kapris
2022-01-01,70.00,bearnaisesås
2022-01-01,80.00,rödvinssås
2022-01-01,120.00,ägg
2022-01-01,120.00,ströbröd
2022-01-01,30.00,vetemjöl
2022-01-01,300.00,kalventrecote
2022-01-02,180.00,pommes_frites
2022-01-02,20.00,mixsallad
2022-01-02,20.00,tomat
2022-01-02,20.00,rödlök
2022-01-02,5.00,kapris
2022-01-02,35.00,bearnaisesås
2022-01-02,40.00,rödvinssås
2022-01-02,60.00,ägg
2022-01-02,60.00,ströbröd
2022-01-02,15.00,vetemjöl
2022-01-02,150.00,kalventrecote
2022-01-03,180.00,pommes_frites
2022-01-03,20.00,mixsallad
2022-01-03,20.00,tomat
2022-01-03,20.00,rödlök
2022-01-03,5.00,kapris
2022-01-03,35.00,bearnaisesås
2022-01-03,40.00,rödvinssås
2022-01-03,60.00,ägg
2022-01-03,60.00,ströbröd
2022-01-03,15.00,vetemjöl
2022-01-03,150.00,kalventrecote
2022-01-04,540.00,pommes_frites
2022-01-04,60.00,mixsallad
2022-01-04,60.00,tomat
2022-01-04,60.00,rödlök
2022-01-04,15.00,kapris
2022-01-04,105.00,bearnaisesås
2022-01-04,120.00,rödvinssås
2022-01-04,180.00,ägg
2022-01-04,180.00,ströbröd
2022-01-04,45.00,vetemjöl
2022-01-04,450.00,kalventrecote
2022-01-05,540.00,pommes_frites
2022-01-05,60.00,mixsallad
2022-01-05,60.00,tomat
2022-01-05,60.00,rödlök
2022-01-05,15.00,kapris
2022-01-05,105.00,bearnaisesås
2022-01-05,120.00,rödvinssås
2022-01-05,180.00,ägg
2022-01-05,180.00,ströbröd
2022-01-05,45.00,vetemjöl
2022-01-05,450.00,kalventrecote
2022-01-07,360.00,pommes_frites
2022-01-07,40.00,mixsallad
2022-01-07,40.00,tomat
2022-01-07,40.00,rödlök
2022-01-07,10.00,kapris
2022-01-07,70.00,bearnaisesås
2022-01-07,80.00,rödvinssås
2022-01-07,120.00,ägg
2022-01-07,120.00,ströbröd
2022-01-07,30.00,vetemjöl
2022-01-07,300.00,kalventrecote
2022-01-08,540.00,pommes_frites
2022-01-08,60.00,mixsallad
2022-01-08,60.00,tomat
2022-01-08,60.00,rödlök
2022-01-08,15.00,kapris
2022-01-08,105.00,bearnaisesås
2022-01-08,120.00,rödvinssås
2022-01-08,180.00,ägg
2022-01-08,180.00,ströbröd
2022-01-08,45.00,vetemjöl
2022-01-08,450.00,kalventrecote
2022-01-09,360.00,pommes_frites
2022-01-09,40.00,mixsallad
2022-01-09,40.00,tomat
2022-01-09,40.00,rödlök
2022-01-09,10.00,kapris
2022-01-09,70.00,bearnaisesås
2022-01-09,80.00,rödvinssås
2022-01-09,120.00,ägg
2022-01-09,120.00,ströbröd
2022-01-09,30.00,vetemjöl
2022-01-09,300.00,kalventrecote
2022-01-17,180.00,pommes_frites
2022-01-17,20.00,mixsallad
2022-01-17,20.00,tomat
2022-01-17,20.00,rödlök
2022-01-17,5.00,kapris
2022-01-17,35.00,bearnaisesås
2022-01-17,40.00,rödvinssås
2022-01-17,60.00,ägg
2022-01-17,60.00,ströbröd
2022-01-17,15.00,vetemjöl
2022-01-17,150.00,kalventrecote
2022-01-19,360.00,pommes_frites
2022-01-19,40.00,mixsallad
2022-01-19,40.00,tomat
2022-01-19,40.00,rödlök
2022-01-19,10.00,kapris
2022-01-19,70.00,bearnaisesås
2022-01-19,80.00,rödvinssås
2022-01-19,120.00,ägg
2022-01-19,120.00,ströbröd
2022-01-19,30.00,vetemjöl
2022-01-19,300.00,kalventrecote
2022-01-22,180.00,pommes_frites
2022-01-22,20.00,mixsallad
2022-01-22,20.00,tomat
2022-01-22,20.00,rödlök
2022-01-22,5.00,kapris
2022-01-22,35.00,bearnaisesås
2022-01-22,40.00,rödvinssås
2022-01-22,60.00,ägg
2022-01-22,60.00,ströbröd
2022-01-22,15.00,vetemjöl
2022-01-22,150.00,kalventrecote
2022-01-23,1080.00,pommes_frites
2022-01-23,120.00,mixsallad
2022-01-23,120.00,tomat
2022-01-23,120.00,rödlök
2022-01-23,30.00,kapris
2022-01-23,210.00,bearnaisesås
2022-01-23,240.00,rödvinssås
2022-01-23,360.00,ägg
2022-01-23,360.00,ströbröd
2022-01-23,90.00,vetemjöl
2022-01-23,900.00,kalventrecote
2022-01-24,540.00,pommes_frites
2022-01-24,60.00,mixsallad
2022-01-24,60.00,tomat
2022-01-24,60.00,rödlök
2022-01-24,15.00,kapris
2022-01-24,105.00,bearnaisesås
2022-01-24,120.00,rödvinssås
2022-01-24,180.00,ägg
2022-01-24,180.00,ströbröd
2022-01-24,45.00,vetemjöl
2022-01-24,450.00,kalventrecote
2022-01-29,540.00,pommes_frites
2022-01-29,60.00,mixsallad
2022-01-29,60.00,tomat
2022-01-29,60.00,rödlök
2022-01-29,15.00,kapris
2022-01-29,105.00,bearnaisesås
2022-01-29,120.00,rödvinssås
2022-01-29,180.00,ägg
2022-01-29,180.00,ströbröd
2022-01-29,45.00,vetemjöl
2022-01-29,450.00,kalventrecote
2022-01-30,540.00,pommes_frites
2022-01-30,60.00,mixsallad
2022-01-30,60.00,tomat
2022-01-30,60.00,rödlök
2022-01-30,15.00,kapris
2022-01-30,105.00,bearnaisesås
2022-01-30,120.00,rödvinssås
2022-01-30,180.00,ägg
2022-01-30,180.00,ströbröd
2022-01-30,45.00,vetemjöl
2022-01-30,450.00,kalventrecote
2022-01-31,180.00,pommes_frites
2022-01-31,20.00,mixsallad
2022-01-31,20.00,tomat
2022-01-31,20.00,rödlök
2022-01-31,5.00,kapris
2022-01-31,35.00,bearnaisesås
2022-01-31,40.00,rödvinssås
2022-01-31,60.00,ägg
2022-01-31,60.00,ströbröd
2022-01-31,15.00,vetemjöl
2022-01-31,150.00,kalventrecote
2022-02-01,180.00,pommes_frites
2022-02-01,20.00,mixsallad
2022-02-01,20.00,tomat
2022-02-01,20.00,rödlök
2022-02-01,5.00,kapris
2022-02-01,35.00,bearnaisesås
2022-02-01,40.00,rödvinssås
2022-02-01,60.00,ägg
2022-02-01,60.00,ströbröd
2022-02-01,15.00,vetemjöl
2022-02-01,150.00,kalventrecote
2022-02-06,720.00,pommes_frites
2022-02-06,80.00,mixsallad
2022-02-06,80.00,tomat
2022-02-06,80.00,rödlök
2022-02-06,20.00,kapris
2022-02-06,140.00,bearnaisesås
2022-02-06,160.00,rödvinssås
2022-02-06,240.00,ägg
2022-02-06,240.00,ströbröd
2022-02-06,60.00,vetemjöl
2022-02-06,600.00,kalventrecote
2022-02-07,180.00,pommes_frites
2022-02-07,20.00,mixsallad
2022-02-07,20.00,tomat
2022-02-07,20.00,rödlök
2022-02-07,5.00,kapris
2022-02-07,35.00,bearnaisesås
2022-02-07,40.00,rödvinssås
2022-02-07,60.00,ägg
2022-02-07,60.00,ströbröd
2022-02-07,15.00,vetemjöl
2022-02-07,150.00,kalventrecote
2022-02-10,540.00,pommes_frites
2022-02-10,60.00,mixsallad
2022-02-10,60.00,tomat
2022-02-10,60.00,rödlök
2022-02-10,15.00,kapris
2022-02-10,105.00,bearnaisesås
2022-02-10,120.00,rödvinssås
2022-02-10,180.00,ägg
2022-02-10,180.00,ströbröd
2022-02-10,45.00,vetemjöl
2022-02-10,450.00,kalventrecote
2022-02-11,540.00,pommes_frites
2022-02-11,60.00,mixsallad
2022-02-11,60.00,tomat
2022-02-11,60.00,rödlök
2022-02-11,15.00,kapris
2022-02-11,105.00,bearnaisesås
2022-02-11,120.00,rödvinssås
2022-02-11,180.00,ägg
2022-02-11,180.00,ströbröd
2022-02-11,45.00,vetemjöl
2022-02-11,450.00,kalventrecote
2022-02-13,1080.00,pommes_frites
2022-02-13,120.00,mixsallad
2022-02-13,120.00,tomat
2022-02-13,120.00,rödlök
2022-02-13,30.00,kapris
2022-02-13,210.00,bearnaisesås
2022-02-13,240.00,rödvinssås
2022-02-13,360.00,ägg
2022-02-13,360.00,ströbröd
2022-02-13,90.00,vetemjöl
2022-02-13,900.00,kalventrecote
2022-02-14,360.00,pommes_frites
2022-02-14,40.00,mixsallad
2022-02-14,40.00,tomat
2022-02-14,40.00,rödlök
2022-02-14,10.00,kapris
2022-02-14,70.00,bearnaisesås
2022-02-14,80.00,rödvinssås
2022-02-14,120.00,ägg
2022-02-14,120.00,ströbröd
2022-02-14,30.00,vetemjöl
2022-02-14,300.00,kalventrecote
2022-02-15,180.00,pommes_frites
2022-02-15,20.00,mixsallad
2022-02-15,20.00,tomat
2022-02-15,20.00,rödlök
2022-02-15,5.00,kapris
2022-02-15,35.00,bearnaisesås
2022-02-15,40.00,rödvinssås
2022-02-15,60.00,ägg
2022-02-15,60.00,ströbröd
2022-02-15,15.00,vetemjöl
2022-02-15,150.00,kalventrecote
2022-02-16,180.00,pommes_frites
2022-02-16,20.00,mixsallad
2022-02-16,20.00,tomat
2022-02-16,20.00,rödlök
2022-02-16,5.00,kapris
2022-02-16,35.00,bearnaisesås
2022-02-16,40.00,rödvinssås
2022-02-16,60.00,ägg
2022-02-16,60.00,ströbröd
2022-02-16,15.00,vetemjöl
2022-02-16,150.00,kalventrecote
2022-02-17,360.00,pommes_frites
2022-02-17,40.00,mixsallad
2022-02-17,40.00,tomat
2022-02-17,40.00,rödlök
2022-02-17,10.00,kapris
2022-02-17,70.00,bearnaisesås
2022-02-17,80.00,rödvinssås
2022-02-17,120.00,ägg
2022-02-17,120.00,ströbröd
2022-02-17,30.00,vetemjöl
2022-02-17,300.00,kalventrecote
2022-02-18,180.00,pommes_frites
2022-02-18,20.00,mixsallad
2022-02-18,20.00,tomat
2022-02-18,20.00,rödlök
2022-02-18,5.00,kapris
2022-02-18,35.00,bearnaisesås
2022-02-18,40.00,rödvinssås
2022-02-18,60.00,ägg
2022-02-18,60.00,ströbröd
2022-02-18,15.00,vetemjöl
2022-02-18,150.00,kalventrecote
2022-02-19,180.00,pommes_frites
2022-02-19,20.00,mixsallad
2022-02-19,20.00,tomat
2022-02-19,20.00,rödlök
2022-02-19,5.00,kapris
2022-02-19,35.00,bearnaisesås
2022-02-19,40.00,rödvinssås
2022-02-19,60.00,ägg
2022-02-19,60.00,ströbröd
2022-02-19,15.00,vetemjöl
2022-02-19,150.00,kalventrecote
2022-02-20,1620.00,pommes_frites
2022-02-20,180.00,mixsallad
2022-02-20,180.00,tomat
2022-02-20,180.00,rödlök
2022-02-20,45.00,kapris
2022-02-20,315.00,bearnaisesås
2022-02-20,360.00,rödvinssås
2022-02-20,540.00,ägg
2022-02-20,540.00,ströbröd
2022-02-20,135.00,vetemjöl
2022-02-20,1350.00,kalventrecote
2022-02-21,900.00,pommes_frites
2022-02-21,100.00,mixsallad
2022-02-21,100.00,tomat
2022-02-21,100.00,rödlök
2022-02-21,25.00,kapris
2022-02-21,175.00,bearnaisesås
2022-02-21,200.00,rödvinssås
2022-02-21,300.00,ägg
2022-02-21,300.00,ströbröd
2022-02-21,75.00,vetemjöl
2022-02-21,750.00,kalventrecote
2022-02-22,180.00,pommes_frites
2022-02-22,20.00,mixsallad
2022-02-22,20.00,tomat
2022-02-22,20.00,rödlök
2022-02-22,5.00,kapris
2022-02-22,35.00,bearnaisesås
2022-02-22,40.00,rödvinssås
2022-02-22,60.00,ägg
2022-02-22,60.00,ströbröd
2022-02-22,15.00,vetemjöl
2022-02-22,150.00,kalventrecote
2022-02-23,360.00,pommes_frites
2022-02-23,40.00,mixsallad
2022-02-23,40.00,tomat
2022-02-23,40.00,rödlök
2022-02-23,10.00,kapris
2022-02-23,70.00,bearnaisesås
2022-02-23,80.00,rödvinssås
2022-02-23,120.00,ägg
2022-02-23,120.00,ströbröd
2022-02-23,30.00,vetemjöl
2022-02-23,300.00,kalventrecote
2022-02-24,360.00,pommes_frites
2022-02-24,40.00,mixsallad
2022-02-24,40.00,tomat
2022-02-24,40.00,rödlök
2022-02-24,10.00,kapris
2022-02-24,70.00,bearnaisesås
2022-02-24,80.00,rödvinssås
2022-02-24,120.00,ägg
2022-02-24,120.00,ströbröd
2022-02-24,30.00,vetemjöl
2022-02-24,300.00,kalventrecote
2022-02-25,360.00,pommes_frites
2022-02-25,40.00,mixsallad
2022-02-25,40.00,tomat
2022-02-25,40.00,rödlök
2022-02-25,10.00,kapris
2022-02-25,70.00,bearnaisesås
2022-02-25,80.00,rödvinssås
2022-02-25,120.00,ägg
2022-02-25,120.00,ströbröd
2022-02-25,30.00,vetemjöl
2022-02-25,300.00,kalventrecote
2022-02-27,540.00,pommes_frites
2022-02-27,60.00,mixsallad
2022-02-27,60.00,tomat
2022-02-27,60.00,rödlök
2022-02-27,15.00,kapris
2022-02-27,105.00,bearnaisesås
2022-02-27,120.00,rödvinssås
2022-02-27,180.00,ägg
2022-02-27,180.00,ströbröd
2022-02-27,45.00,vetemjöl
2022-02-27,450.00,kalventrecote
2022-02-28,0.00,pommes_frites
2022-02-28,0.00,mixsallad
2022-02-28,0.00,tomat
2022-02-28,0.00,rödlök
2022-02-28,0.00,kapris
2022-02-28,0.00,bearnaisesås
2022-02-28,0.00,rödvinssås
2022-02-28,0.00,ägg
2022-02-28,0.00,ströbröd
2022-02-28,0.00,vetemjöl
2022-02-28,0.00,kalventrecote
2022-03-01,720.00,pommes_frites
2022-03-01,80.00,mixsallad
2022-03-01,80.00,tomat
2022-03-01,80.00,rödlök
2022-03-01,20.00,kapris
2022-03-01,140.00,bearnaisesås
2022-03-01,160.00,rödvinssås
2022-03-01,240.00,ägg
2022-03-01,240.00,ströbröd
2022-03-01,60.00,vetemjöl
2022-03-01,600.00,kalventrecote
2022-03-02,540.00,pommes_frites
2022-03-02,60.00,mixsallad
2022-03-02,60.00,tomat
2022-03-02,60.00,rödlök
2022-03-02,15.00,kapris
2022-03-02,105.00,bearnaisesås
2022-03-02,120.00,rödvinssås
2022-03-02,180.00,ägg
2022-03-02,180.00,ströbröd
2022-03-02,45.00,vetemjöl
2022-03-02,450.00,kalventrecote
2022-03-03,360.00,pommes_frites
2022-03-03,40.00,mixsallad
2022-03-03,40.00,tomat
2022-03-03,40.00,rödlök
2022-03-03,10.00,kapris
2022-03-03,70.00,bearnaisesås
2022-03-03,80.00,rödvinssås
2022-03-03,120.00,ägg
2022-03-03,120.00,ströbröd
2022-03-03,30.00,vetemjöl
2022-03-03,300.00,kalventrecote
2022-03-04,1080.00,pommes_frites
2022-03-04,120.00,mixsallad
2022-03-04,120.00,tomat
2022-03-04,120.00,rödlök
2022-03-04,30.00,kapris
2022-03-04,210.00,bearnaisesås
2022-03-04,240.00,rödvinssås
2022-03-04,360.00,ägg
2022-03-04,360.00,ströbröd
2022-03-04,90.00,vetemjöl
2022-03-04,900.00,kalventrecote
2022-03-05,180.00,pommes_frites
2022-03-05,20.00,mixsallad
2022-03-05,20.00,tomat
2022-03-05,20.00,rödlök
2022-03-05,5.00,kapris
2022-03-05,35.00,bearnaisesås
2022-03-05,40.00,rödvinssås
2022-03-05,60.00,ägg
2022-03-05,60.00,ströbröd
2022-03-05,15.00,vetemjöl
2022-03-05,150.00,kalventrecote
2022-03-06,360.00,pommes_frites
2022-03-06,40.00,mixsallad
2022-03-06,40.00,tomat
2022-03-06,40.00,rödlök
2022-03-06,10.00,kapris
2022-03-06,70.00,bearnaisesås
2022-03-06,80.00,rödvinssås
2022-03-06,120.00,ägg
2022-03-06,120.00,ströbröd
2022-03-06,30.00,vetemjöl
2022-03-06,300.00,kalventrecote
2022-03-07,540.00,pommes_frites
2022-03-07,60.00,mixsallad
2022-03-07,60.00,tomat
2022-03-07,60.00,rödlök
2022-03-07,15.00,kapris
2022-03-07,105.00,bearnaisesås
2022-03-07,120.00,rödvinssås
2022-03-07,180.00,ägg
2022-03-07,180.00,ströbröd
2022-03-07,45.00,vetemjöl
2022-03-07,450.00,kalventrecote
2022-03-10,360.00,pommes_frites
2022-03-10,40.00,mixsallad
2022-03-10,40.00,tomat
2022-03-10,40.00,rödlök
2022-03-10,10.00,kapris
2022-03-10,70.00,bearnaisesås
2022-03-10,80.00,rödvinssås
2022-03-10,120.00,ägg
2022-03-10,120.00,ströbröd
2022-03-10,30.00,vetemjöl
2022-03-10,300.00,kalventrecote
2022-03-11,180.00,pommes_frites
2022-03-11,20.00,mixsallad
2022-03-11,20.00,tomat
2022-03-11,20.00,rödlök
2022-03-11,5.00,kapris
2022-03-11,35.00,bearnaisesås
2022-03-11,40.00,rödvinssås
2022-03-11,60.00,ägg
2022-03-11,60.00,ströbröd
2022-03-11,15.00,vetemjöl
2022-03-11,150.00,kalventrecote
2022-03-13,180.00,pommes_frites
2022-03-13,20.00,mixsallad
2022-03-13,20.00,tomat
2022-03-13,20.00,rödlök
2022-03-13,5.00,kapris
2022-03-13,35.00,bearnaisesås
2022-03-13,40.00,rödvinssås
2022-03-13,60.00,ägg
2022-03-13,60.00,ströbröd
2022-03-13,15.00,vetemjöl
2022-03-13,150.00,kalventrecote
2022-03-14,180.00,pommes_frites
2022-03-14,20.00,mixsallad
2022-03-14,20.00,tomat
2022-03-14,20.00,rödlök
2022-03-14,5.00,kapris
2022-03-14,35.00,bearnaisesås
2022-03-14,40.00,rödvinssås
2022-03-14,60.00,ägg
2022-03-14,60.00,ströbröd
2022-03-14,15.00,vetemjöl
2022-03-14,150.00,kalventrecote
2022-03-16,360.00,pommes_frites
2022-03-16,40.00,mixsallad
2022-03-16,40.00,tomat
2022-03-16,40.00,rödlök
2022-03-16,10.00,kapris
2022-03-16,70.00,bearnaisesås
2022-03-16,80.00,rödvinssås
2022-03-16,120.00,ägg
2022-03-16,120.00,ströbröd
2022-03-16,30.00,vetemjöl
2022-03-16,300.00,kalventrecote
2022-03-18,180.00,pommes_frites
2022-03-18,20.00,mixsallad
2022-03-18,20.00,tomat
2022-03-18,20.00,rödlök
2022-03-18,5.00,kapris
2022-03-18,35.00,bearnaisesås
2022-03-18,40.00,rödvinssås
2022-03-18,60.00,ägg
2022-03-18,60.00,ströbröd
2022-03-18,15.00,vetemjöl
2022-03-18,150.00,kalventrecote
2022-03-20,720.00,pommes_frites
2022-03-20,80.00,mixsallad
2022-03-20,80.00,tomat
2022-03-20,80.00,rödlök
2022-03-20,20.00,kapris
2022-03-20,140.00,bearnaisesås
2022-03-20,160.00,rödvinssås
2022-03-20,240.00,ägg
2022-03-20,240.00,ströbröd
2022-03-20,60.00,vetemjöl
2022-03-20,600.00,kalventrecote
2022-03-21,180.00,pommes_frites
2022-03-21,20.00,mixsallad
2022-03-21,20.00,tomat
2022-03-21,20.00,rödlök
2022-03-21,5.00,kapris
2022-03-21,35.00,bearnaisesås
2022-03-21,40.00,rödvinssås
2022-03-21,60.00,ägg
2022-03-21,60.00,ströbröd
2022-03-21,15.00,vetemjöl
2022-03-21,150.00,kalventrecote
2022-03-23,540.00,pommes_frites
2022-03-23,60.00,mixsallad
2022-03-23,60.00,tomat
2022-03-23,60.00,rödlök
2022-03-23,15.00,kapris
2022-03-23,105.00,bearnaisesås
2022-03-23,120.00,rödvinssås
2022-03-23,180.00,ägg
2022-03-23,180.00,ströbröd
2022-03-23,45.00,vetemjöl
2022-03-23,450.00,kalventrecote
2022-03-25,540.00,pommes_frites
2022-03-25,60.00,mixsallad
2022-03-25,60.00,tomat
2022-03-25,60.00,rödlök
2022-03-25,15.00,kapris
2022-03-25,105.00,bearnaisesås
2022-03-25,120.00,rödvinssås
2022-03-25,180.00,ägg
2022-03-25,180.00,ströbröd
2022-03-25,45.00,vetemjöl
2022-03-25,450.00,kalventrecote
2022-03-26,1620.00,pommes_frites
2022-03-26,180.00,mixsallad
2022-03-26,180.00,tomat
2022-03-26,180.00,rödlök
2022-03-26,45.00,kapris
2022-03-26,315.00,bearnaisesås
2022-03-26,360.00,rödvinssås
2022-03-26,540.00,ägg
2022-03-26,540.00,ströbröd
2022-03-26,135.00,vetemjöl
2022-03-26,1350.00,kalventrecote
2022-03-27,720.00,pommes_frites
2022-03-27,80.00,mixsallad
2022-03-27,80.00,tomat
2022-03-27,80.00,rödlök
2022-03-27,20.00,kapris
2022-03-27,140.00,bearnaisesås
2022-03-27,160.00,rödvinssås
2022-03-27,240.00,ägg
2022-03-27,240.00,ströbröd
2022-03-27,60.00,vetemjöl
2022-03-27,600.00,kalventrecote
2022-03-28,720.00,pommes_frites
2022-03-28,80.00,mixsallad
2022-03-28,80.00,tomat
2022-03-28,80.00,rödlök
2022-03-28,20.00,kapris
2022-03-28,140.00,bearnaisesås
2022-03-28,160.00,rödvinssås
2022-03-28,240.00,ägg
2022-03-28,240.00,ströbröd
2022-03-28,60.00,vetemjöl
2022-03-28,600.00,kalventrecote
2022-03-29,1440.00,pommes_frites
2022-03-29,160.00,mixsallad
2022-03-29,160.00,tomat
2022-03-29,160.00,rödlök
2022-03-29,40.00,kapris
2022-03-29,280.00,bearnaisesås
2022-03-29,320.00,rödvinssås
2022-03-29,480.00,ägg
2022-03-29,480.00,ströbröd
2022-03-29,120.00,vetemjöl
2022-03-29,1200.00,kalventrecote
2022-03-30,1080.00,pommes_frites
2022-03-30,120.00,mixsallad
2022-03-30,120.00,tomat
2022-03-30,120.00,rödlök
2022-03-30,30.00,kapris
2022-03-30,210.00,bearnaisesås
2022-03-30,240.00,rödvinssås
2022-03-30,360.00,ägg
2022-03-30,360.00,ströbröd
2022-03-30,90.00,vetemjöl
2022-03-30,900.00,kalventrecote
2022-03-31,180.00,pommes_frites
2022-03-31,20.00,mixsallad
2022-03-31,20.00,tomat
2022-03-31,20.00,rödlök
2022-03-31,5.00,kapris
2022-03-31,35.00,bearnaisesås
2022-03-31,40.00,rödvinssås
2022-03-31,60.00,ägg
2022-03-31,60.00,ströbröd
2022-03-31,15.00,vetemjöl
2022-03-31,150.00,kalventrecote
2022-04-02,720.00,pommes_frites
2022-04-02,80.00,mixsallad
2022-04-02,80.00,tomat
2022-04-02,80.00,rödlök
2022-04-02,20.00,kapris
2022-04-02,140.00,bearnaisesås
2022-04-02,160.00,rödvinssås
2022-04-02,240.00,ägg
2022-04-02,240.00,ströbröd
2022-04-02,60.00,vetemjöl
2022-04-02,600.00,kalventrecote
2022-04-03,720.00,pommes_frites
2022-04-03,80.00,mixsallad
2022-04-03,80.00,tomat
2022-04-03,80.00,rödlök
2022-04-03,20.00,kapris
2022-04-03,140.00,bearnaisesås
2022-04-03,160.00,rödvinssås
2022-04-03,240.00,ägg
2022-04-03,240.00,ströbröd
2022-04-03,60.00,vetemjöl
2022-04-03,600.00,kalventrecote
2022-04-05,180.00,pommes_frites
2022-04-05,20.00,mixsallad
2022-04-05,20.00,tomat
2022-04-05,20.00,rödlök
2022-04-05,5.00,kapris
2022-04-05,35.00,bearnaisesås
2022-04-05,40.00,rödvinssås
2022-04-05,60.00,ägg
2022-04-05,60.00,ströbröd
2022-04-05,15.00,vetemjöl
2022-04-05,150.00,kalventrecote
2022-04-07,180.00,pommes_frites
2022-04-07,20.00,mixsallad
2022-04-07,20.00,tomat
2022-04-07,20.00,rödlök
2022-04-07,5.00,kapris
2022-04-07,35.00,bearnaisesås
2022-04-07,40.00,rödvinssås
2022-04-07,60.00,ägg
2022-04-07,60.00,ströbröd
2022-04-07,15.00,vetemjöl
2022-04-07,150.00,kalventrecote
2022-04-08,180.00,pommes_frites
2022-04-08,20.00,mixsallad
2022-04-08,20.00,tomat
2022-04-08,20.00,rödlök
2022-04-08,5.00,kapris
2022-04-08,35.00,bearnaisesås
2022-04-08,40.00,rödvinssås
2022-04-08,60.00,ägg
2022-04-08,60.00,ströbröd
2022-04-08,15.00,vetemjöl
2022-04-08,150.00,kalventrecote
2022-04-09,360.00,pommes_frites
2022-04-09,40.00,mixsallad
2022-04-09,40.00,tomat
2022-04-09,40.00,rödlök
2022-04-09,10.00,kapris
2022-04-09,70.00,bearnaisesås
2022-04-09,80.00,rödvinssås
2022-04-09,120.00,ägg
2022-04-09,120.00,ströbröd
2022-04-09,30.00,vetemjöl
2022-04-09,300.00,kalventrecote
2022-04-10,900.00,pommes_frites
2022-04-10,100.00,mixsallad
2022-04-10,100.00,tomat
2022-04-10,100.00,rödlök
2022-04-10,25.00,kapris
2022-04-10,175.00,bearnaisesås
2022-04-10,200.00,rödvinssås
2022-04-10,300.00,ägg
2022-04-10,300.00,ströbröd
2022-04-10,75.00,vetemjöl
2022-04-10,750.00,kalventrecote
2022-04-11,720.00,pommes_frites
2022-04-11,80.00,mixsallad
2022-04-11,80.00,tomat
2022-04-11,80.00,rödlök
2022-04-11,20.00,kapris
2022-04-11,140.00,bearnaisesås
2022-04-11,160.00,rödvinssås
2022-04-11,240.00,ägg
2022-04-11,240.00,ströbröd
2022-04-11,60.00,vetemjöl
2022-04-11,600.00,kalventrecote
2022-04-13,360.00,pommes_frites
2022-04-13,40.00,mixsallad
2022-04-13,40.00,tomat
2022-04-13,40.00,rödlök
2022-04-13,10.00,kapris
2022-04-13,70.00,bearnaisesås
2022-04-13,80.00,rödvinssås
2022-04-13,120.00,ägg
2022-04-13,120.00,ströbröd
2022-04-13,30.00,vetemjöl
2022-04-13,300.00,kalventrecote
2022-04-14,1260.00,pommes_frites
2022-04-14,140.00,mixsallad
2022-04-14,140.00,tomat
2022-04-14,140.00,rödlök
2022-04-14,35.00,kapris
2022-04-14,245.00,bearnaisesås
2022-04-14,280.00,rödvinssås
2022-04-14,420.00,ägg
2022-04-14,420.00,ströbröd
2022-04-14,105.00,vetemjöl
2022-04-14,1050.00,kalventrecote
2022-04-15,540.00,pommes_frites
2022-04-15,60.00,mixsallad
2022-04-15,60.00,tomat
2022-04-15,60.00,rödlök
2022-04-15,15.00,kapris
2022-04-15,105.00,bearnaisesås
2022-04-15,120.00,rödvinssås
2022-04-15,180.00,ägg
2022-04-15,180.00,ströbröd
2022-04-15,45.00,vetemjöl
2022-04-15,450.00,kalventrecote
2022-04-16,540.00,pommes_frites
2022-04-16,60.00,mixsallad
2022-04-16,60.00,tomat
2022-04-16,60.00,rödlök
2022-04-16,15.00,kapris
2022-04-16,105.00,bearnaisesås
2022-04-16,120.00,rödvinssås
2022-04-16,180.00,ägg
2022-04-16,180.00,ströbröd
2022-04-16,45.00,vetemjöl
2022-04-16,450.00,kalventrecote
2022-04-17,1260.00,pommes_frites
2022-04-17,140.00,mixsallad
2022-04-17,140.00,tomat
2022-04-17,140.00,rödlök
2022-04-17,35.00,kapris
2022-04-17,245.00,bearnaisesås
2022-04-17,280.00,rödvinssås
2022-04-17,420.00,ägg
2022-04-17,420.00,ströbröd
2022-04-17,105.00,vetemjöl
2022-04-17,1050.00,kalventrecote
2022-04-18,180.00,pommes_frites
2022-04-18,20.00,mixsallad
2022-04-18,20.00,tomat
2022-04-18,20.00,rödlök
2022-04-18,5.00,kapris
2022-04-18,35.00,bearnaisesås
2022-04-18,40.00,rödvinssås
2022-04-18,60.00,ägg
2022-04-18,60.00,ströbröd
2022-04-18,15.00,vetemjöl
2022-04-18,150.00,kalventrecote
2022-04-19,720.00,pommes_frites
2022-04-19,80.00,mixsallad
2022-04-19,80.00,tomat
2022-04-19,80.00,rödlök
2022-04-19,20.00,kapris
2022-04-19,140.00,bearnaisesås
2022-04-19,160.00,rödvinssås
2022-04-19,240.00,ägg
2022-04-19,240.00,ströbröd
2022-04-19,60.00,vetemjöl
2022-04-19,600.00,kalventrecote
2022-04-20,540.00,pommes_frites
2022-04-20,60.00,mixsallad
2022-04-20,60.00,tomat
2022-04-20,60.00,rödlök
2022-04-20,15.00,kapris
2022-04-20,105.00,bearnaisesås
2022-04-20,120.00,rödvinssås
2022-04-20,180.00,ägg
2022-04-20,180.00,ströbröd
2022-04-20,45.00,vetemjöl
2022-04-20,450.00,kalventrecote
2022-04-21,180.00,pommes_frites
2022-04-21,20.00,mixsallad
2022-04-21,20.00,tomat
2022-04-21,20.00,rödlök
2022-04-21,5.00,kapris
2022-04-21,35.00,bearnaisesås
2022-04-21,40.00,rödvinssås
2022-04-21,60.00,ägg
2022-04-21,60.00,ströbröd
2022-04-21,15.00,vetemjöl
2022-04-21,150.00,kalventrecote
2022-04-23,1260.00,pommes_frites
2022-04-23,140.00,mixsallad
2022-04-23,140.00,tomat
2022-04-23,140.00,rödlök
2022-04-23,35.00,kapris
2022-04-23,245.00,bearnaisesås
2022-04-23,280.00,rödvinssås
2022-04-23,420.00,ägg
2022-04-23,420.00,ströbröd
2022-04-23,105.00,vetemjöl
2022-04-23,1050.00,kalventrecote
2022-04-24,360.00,pommes_frites
2022-04-24,40.00,mixsallad
2022-04-24,40.00,tomat
2022-04-24,40.00,rödlök
2022-04-24,10.00,kapris
2022-04-24,70.00,bearnaisesås
2022-04-24,80.00,rödvinssås
2022-04-24,120.00,ägg
2022-04-24,120.00,ströbröd
2022-04-24,30.00,vetemjöl
2022-04-24,300.00,kalventrecote
2022-04-26,720.00,pommes_frites
2022-04-26,80.00,mixsallad
2022-04-26,80.00,tomat
2022-04-26,80.00,rödlök
2022-04-26,20.00,kapris
2022-04-26,140.00,bearnaisesås
2022-04-26,160.00,rödvinssås
2022-04-26,240.00,ägg
2022-04-26,240.00,ströbröd
2022-04-26,60.00,vetemjöl
2022-04-26,600.00,kalventrecote
2022-04-27,540.00,pommes_frites
2022-04-27,60.00,mixsallad
2022-04-27,60.00,tomat
2022-04-27,60.00,rödlök
2022-04-27,15.00,kapris
2022-04-27,105.00,bearnaisesås
2022-04-27,120.00,rödvinssås
2022-04-27,180.00,ägg
2022-04-27,180.00,ströbröd
2022-04-27,45.00,vetemjöl
2022-04-27,450.00,kalventrecote
2022-04-30,360.00,pommes_frites
2022-04-30,40.00,mixsallad
2022-04-30,40.00,tomat
2022-04-30,40.00,rödlök
2022-04-30,10.00,kapris
2022-04-30,70.00,bearnaisesås
2022-04-30,80.00,rödvinssås
2022-04-30,120.00,ägg
2022-04-30,120.00,ströbröd
2022-04-30,30.00,vetemjöl
2022-04-30,300.00,kalventrecote
2022-05-01,360.00,pommes_frites
2022-05-01,40.00,mixsallad
2022-05-01,40.00,tomat
2022-05-01,40.00,rödlök
2022-05-01,10.00,kapris
2022-05-01,70.00,bearnaisesås
2022-05-01,80.00,rödvinssås
2022-05-01,120.00,ägg
2022-05-01,120.00,ströbröd
2022-05-01,30.00,vetemjöl
2022-05-01,300.00,kalventrecote
2022-05-03,180.00,pommes_frites
2022-05-03,20.00,mixsallad
2022-05-03,20.00,tomat
2022-05-03,20.00,rödlök
2022-05-03,5.00,kapris
2022-05-03,35.00,bearnaisesås
2022-05-03,40.00,rödvinssås
2022-05-03,60.00,ägg
2022-05-03,60.00,ströbröd
2022-05-03,15.00,vetemjöl
2022-05-03,150.00,kalventrecote
2022-05-04,180.00,pommes_frites
2022-05-04,20.00,mixsallad
2022-05-04,20.00,tomat
2022-05-04,20.00,rödlök
2022-05-04,5.00,kapris
2022-05-04,35.00,bearnaisesås
2022-05-04,40.00,rödvinssås
2022-05-04,60.00,ägg
2022-05-04,60.00,ströbröd
2022-05-04,15.00,vetemjöl
2022-05-04,150.00,kalventrecote
2022-05-05,360.00,pommes_frites
2022-05-05,40.00,mixsallad
2022-05-05,40.00,tomat
2022-05-05,40.00,rödlök
2022-05-05,10.00,kapris
2022-05-05,70.00,bearnaisesås
2022-05-05,80.00,rödvinssås
2022-05-05,120.00,ägg
2022-05-05,120.00,ströbröd
2022-05-05,30.00,vetemjöl
2022-05-05,300.00,kalventrecote
2022-05-07,900.00,pommes_frites
2022-05-07,100.00,mixsallad
2022-05-07,100.00,tomat
2022-05-07,100.00,rödlök
2022-05-07,25.00,kapris
2022-05-07,175.00,bearnaisesås
2022-05-07,200.00,rödvinssås
2022-05-07,300.00,ägg
2022-05-07,300.00,ströbröd
2022-05-07,75.00,vetemjöl
2022-05-07,750.00,kalventrecote
2022-05-08,540.00,pommes_frites
2022-05-08,60.00,mixsallad
2022-05-08,60.00,tomat
2022-05-08,60.00,rödlök
2022-05-08,15.00,kapris
2022-05-08,105.00,bearnaisesås
2022-05-08,120.00,rödvinssås
2022-05-08,180.00,ägg
2022-05-08,180.00,ströbröd
2022-05-08,45.00,vetemjöl
2022-05-08,450.00,kalventrecote
2022-05-09,180.00,pommes_frites
2022-05-09,20.00,mixsallad
2022-05-09,20.00,tomat
2022-05-09,20.00,rödlök
2022-05-09,5.00,kapris
2022-05-09,35.00,bearnaisesås
2022-05-09,40.00,rödvinssås
2022-05-09,60.00,ägg
2022-05-09,60.00,ströbröd
2022-05-09,15.00,vetemjöl
2022-05-09,150.00,kalventrecote
2022-05-10,360.00,pommes_frites
2022-05-10,40.00,mixsallad
2022-05-10,40.00,tomat
2022-05-10,40.00,rödlök
2022-05-10,10.00,kapris
2022-05-10,70.00,bearnaisesås
2022-05-10,80.00,rödvinssås
2022-05-10,120.00,ägg
2022-05-10,120.00,ströbröd
2022-05-10,30.00,vetemjöl
2022-05-10,300.00,kalventrecote
2022-05-11,180.00,pommes_frites
2022-05-11,20.00,mixsallad
2022-05-11,20.00,tomat
2022-05-11,20.00,rödlök
2022-05-11,5.00,kapris
2022-05-11,35.00,bearnaisesås
2022-05-11,40.00,rödvinssås
2022-05-11,60.00,ägg
2022-05-11,60.00,ströbröd
2022-05-11,15.00,vetemjöl
2022-05-11,150.00,kalventrecote
2022-05-12,180.00,pommes_frites
2022-05-12,20.00,mixsallad
2022-05-12,20.00,tomat
2022-05-12,20.00,rödlök
2022-05-12,5.00,kapris
2022-05-12,35.00,bearnaisesås
2022-05-12,40.00,rödvinssås
2022-05-12,60.00,ägg
2022-05-12,60.00,ströbröd
2022-05-12,15.00,vetemjöl
2022-05-12,150.00,kalventrecote
2022-05-14,720.00,pommes_frites
2022-05-14,80.00,mixsallad
2022-05-14,80.00,tomat
2022-05-14,80.00,rödlök
2022-05-14,20.00,kapris
2022-05-14,140.00,bearnaisesås
2022-05-14,160.00,rödvinssås
2022-05-14,240.00,ägg
2022-05-14,240.00,ströbröd
2022-05-14,60.00,vetemjöl
2022-05-14,600.00,kalventrecote
2022-05-15,1080.00,pommes_frites
2022-05-15,120.00,mixsallad
2022-05-15,120.00,tomat
2022-05-15,120.00,rödlök
2022-05-15,30.00,kapris
2022-05-15,210.00,bearnaisesås
2022-05-15,240.00,rödvinssås
2022-05-15,360.00,ägg
2022-05-15,360.00,ströbröd
2022-05-15,90.00,vetemjöl
2022-05-15,900.00,kalventrecote
2022-05-18,360.00,pommes_frites
2022-05-18,40.00,mixsallad
2022-05-18,40.00,tomat
2022-05-18,40.00,rödlök
2022-05-18,10.00,kapris
2022-05-18,70.00,bearnaisesås
2022-05-18,80.00,rödvinssås
2022-05-18,120.00,ägg
2022-05-18,120.00,ströbröd
2022-05-18,30.00,vetemjöl
2022-05-18,300.00,kalventrecote
2022-05-20,180.00,pommes_frites
2022-05-20,20.00,mixsallad
2022-05-20,20.00,tomat
2022-05-20,20.00,rödlök
2022-05-20,5.00,kapris
2022-05-20,35.00,bearnaisesås
2022-05-20,40.00,rödvinssås
2022-05-20,60.00,ägg
2022-05-20,60.00,ströbröd
2022-05-20,15.00,vetemjöl
2022-05-20,150.00,kalventrecote
2022-05-21,180.00,pommes_frites
2022-05-21,20.00,mixsallad
2022-05-21,20.00,tomat
2022-05-21,20.00,rödlök
2022-05-21,5.00,kapris
2022-05-21,35.00,bearnaisesås
2022-05-21,40.00,rödvinssås
2022-05-21,60.00,ägg
2022-05-21,60.00,ströbröd
2022-05-21,15.00,vetemjöl
2022-05-21,150.00,kalventrecote
2022-05-22,720.00,pommes_frites
2022-05-22,80.00,mixsallad
2022-05-22,80.00,tomat
2022-05-22,80.00,rödlök
2022-05-22,20.00,kapris
2022-05-22,140.00,bearnaisesås
2022-05-22,160.00,rödvinssås
2022-05-22,240.00,ägg
2022-05-22,240.00,ströbröd
2022-05-22,60.00,vetemjöl
2022-05-22,600.00,kalventrecote
2022-05-25,360.00,pommes_frites
2022-05-25,40.00,mixsallad
2022-05-25,40.00,tomat
2022-05-25,40.00,rödlök
2022-05-25,10.00,kapris
2022-05-25,70.00,bearnaisesås
2022-05-25,80.00,rödvinssås
2022-05-25,120.00,ägg
2022-05-25,120.00,ströbröd
2022-05-25,30.00,vetemjöl
2022-05-25,300.00,kalventrecote
2022-05-26,1080.00,pommes_frites
2022-05-26,120.00,mixsallad
2022-05-26,120.00,tomat
2022-05-26,120.00,rödlök
2022-05-26,30.00,kapris
2022-05-26,210.00,bearnaisesås
2022-05-26,240.00,rödvinssås
2022-05-26,360.00,ägg
2022-05-26,360.00,ströbröd
2022-05-26,90.00,vetemjöl
2022-05-26,900.00,kalventrecote
2022-05-28,360.00,pommes_frites
2022-05-28,40.00,mixsallad
2022-05-28,40.00,tomat
2022-05-28,40.00,rödlök
2022-05-28,10.00,kapris
2022-05-28,70.00,bearnaisesås
2022-05-28,80.00,rödvinssås
2022-05-28,120.00,ägg
2022-05-28,120.00,ströbröd
2022-05-28,30.00,vetemjöl
2022-05-28,300.00,kalventrecote
2022-05-31,180.00,pommes_frites
2022-05-31,20.00,mixsallad
2022-05-31,20.00,tomat
2022-05-31,20.00,rödlök
2022-05-31,5.00,kapris
2022-05-31,35.00,bearnaisesås
2022-05-31,40.00,rödvinssås
2022-05-31,60.00,ägg
2022-05-31,60.00,ströbröd
2022-05-31,15.00,vetemjöl
2022-05-31,150.00,kalventrecote
2022-06-02,360.00,pommes_frites
2022-06-02,40.00,mixsallad
2022-06-02,40.00,tomat
2022-06-02,40.00,rödlök
2022-06-02,10.00,kapris
2022-06-02,70.00,bearnaisesås
2022-06-02,80.00,rödvinssås
2022-06-02,120.00,ägg
2022-06-02,120.00,ströbröd
2022-06-02,30.00,vetemjöl
2022-06-02,300.00,kalventrecote
2022-06-04,720.00,pommes_frites
2022-06-04,80.00,mixsallad
2022-06-04,80.00,tomat
2022-06-04,80.00,rödlök
2022-06-04,20.00,kapris
2022-06-04,140.00,bearnaisesås
2022-06-04,160.00,rödvinssås
2022-06-04,240.00,ägg
2022-06-04,240.00,ströbröd
2022-06-04,60.00,vetemjöl
2022-06-04,600.00,kalventrecote
2022-06-05,720.00,pommes_frites
2022-06-05,80.00,mixsallad
2022-06-05,80.00,tomat
2022-06-05,80.00,rödlök
2022-06-05,20.00,kapris
2022-06-05,140.00,bearnaisesås
2022-06-05,160.00,rödvinssås
2022-06-05,240.00,ägg
2022-06-05,240.00,ströbröd
2022-06-05,60.00,vetemjöl
2022-06-05,600.00,kalventrecote
2022-06-06,180.00,pommes_frites
2022-06-06,20.00,mixsallad
2022-06-06,20.00,tomat
2022-06-06,20.00,rödlök
2022-06-06,5.00,kapris
2022-06-06,35.00,bearnaisesås
2022-06-06,40.00,rödvinssås
2022-06-06,60.00,ägg
2022-06-06,60.00,ströbröd
2022-06-06,15.00,vetemjöl
2022-06-06,150.00,kalventrecote
2022-06-09,360.00,pommes_frites
2022-06-09,40.00,mixsallad
2022-06-09,40.00,tomat
2022-06-09,40.00,rödlök
2022-06-09,10.00,kapris
2022-06-09,70.00,bearnaisesås
2022-06-09,80.00,rödvinssås
2022-06-09,120.00,ägg
2022-06-09,120.00,ströbröd
2022-06-09,30.00,vetemjöl
2022-06-09,300.00,kalventrecote
2022-06-10,900.00,pommes_frites
2022-06-10,100.00,mixsallad
2022-06-10,100.00,tomat
2022-06-10,100.00,rödlök
2022-06-10,25.00,kapris
2022-06-10,175.00,bearnaisesås
2022-06-10,200.00,rödvinssås
2022-06-10,300.00,ägg
2022-06-10,300.00,ströbröd
2022-06-10,75.00,vetemjöl
2022-06-10,750.00,kalventrecote
2022-06-11,180.00,pommes_frites
2022-06-11,20.00,mixsallad
2022-06-11,20.00,tomat
2022-06-11,20.00,rödlök
2022-06-11,5.00,kapris
2022-06-11,35.00,bearnaisesås
2022-06-11,40.00,rödvinssås
2022-06-11,60.00,ägg
2022-06-11,60.00,ströbröd
2022-06-11,15.00,vetemjöl
2022-06-11,150.00,kalventrecote
2022-06-12,360.00,pommes_frites
2022-06-12,40.00,mixsallad
2022-06-12,40.00,tomat
2022-06-12,40.00,rödlök
2022-06-12,10.00,kapris
2022-06-12,70.00,bearnaisesås
2022-06-12,80.00,rödvinssås
2022-06-12,120.00,ägg
2022-06-12,120.00,ströbröd
2022-06-12,30.00,vetemjöl
2022-06-12,300.00,kalventrecote
2022-06-14,540.00,pommes_frites
2022-06-14,60.00,mixsallad
2022-06-14,60.00,tomat
2022-06-14,60.00,rödlök
2022-06-14,15.00,kapris
2022-06-14,105.00,bearnaisesås
2022-06-14,120.00,rödvinssås
2022-06-14,180.00,ägg
2022-06-14,180.00,ströbröd
2022-06-14,45.00,vetemjöl
2022-06-14,450.00,kalventrecote
2022-06-17,360.00,pommes_frites
2022-06-17,40.00,mixsallad
2022-06-17,40.00,tomat
2022-06-17,40.00,rödlök
2022-06-17,10.00,kapris
2022-06-17,70.00,bearnaisesås
2022-06-17,80.00,rödvinssås
2022-06-17,120.00,ägg
2022-06-17,120.00,ströbröd
2022-06-17,30.00,vetemjöl
2022-06-17,300.00,kalventrecote
2022-06-18,1260.00,pommes_frites
2022-06-18,140.00,mixsallad
2022-06-18,140.00,tomat
2022-06-18,140.00,rödlök
2022-06-18,35.00,kapris
2022-06-18,245.00,bearnaisesås
2022-06-18,280.00,rödvinssås
2022-06-18,420.00,ägg
2022-06-18,420.00,ströbröd
2022-06-18,105.00,vetemjöl
2022-06-18,1050.00,kalventrecote
2022-06-19,900.00,pommes_frites
2022-06-19,100.00,mixsallad
2022-06-19,100.00,tomat
2022-06-19,100.00,rödlök
2022-06-19,25.00,kapris
2022-06-19,175.00,bearnaisesås
2022-06-19,200.00,rödvinssås
2022-06-19,300.00,ägg
2022-06-19,300.00,ströbröd
2022-06-19,75.00,vetemjöl
2022-06-19,750.00,kalventrecote
2022-06-20,180.00,pommes_frites
2022-06-20,20.00,mixsallad
2022-06-20,20.00,tomat
2022-06-20,20.00,rödlök
2022-06-20,5.00,kapris
2022-06-20,35.00,bearnaisesås
2022-06-20,40.00,rödvinssås
2022-06-20,60.00,ägg
2022-06-20,60.00,ströbröd
2022-06-20,15.00,vetemjöl
2022-06-20,150.00,kalventrecote
2022-06-22,540.00,pommes_frites
2022-06-22,60.00,mixsallad
2022-06-22,60.00,tomat
2022-06-22,60.00,rödlök
2022-06-22,15.00,kapris
2022-06-22,105.00,bearnaisesås
2022-06-22,120.00,rödvinssås
2022-06-22,180.00,ägg
2022-06-22,180.00,ströbröd
2022-06-22,45.00,vetemjöl
2022-06-22,450.00,kalventrecote
2022-06-23,1620.00,pommes_frites
2022-06-23,180.00,mixsallad
2022-06-23,180.00,tomat
2022-06-23,180.00,rödlök
2022-06-23,45.00,kapris
2022-06-23,315.00,bearnaisesås
2022-06-23,360.00,rödvinssås
2022-06-23,540.00,ägg
2022-06-23,540.00,ströbröd
2022-06-23,135.00,vetemjöl
2022-06-23,1350.00,kalventrecote
2022-06-25,2160.00,pommes_frites
2022-06-25,240.00,mixsallad
2022-06-25,240.00,tomat
2022-06-25,240.00,rödlök
2022-06-25,60.00,kapris
2022-06-25,420.00,bearnaisesås
2022-06-25,480.00,rödvinssås
2022-06-25,720.00,ägg
2022-06-25,720.00,ströbröd
2022-06-25,180.00,vetemjöl
2022-06-25,1800.00,kalventrecote
2022-06-26,900.00,pommes_frites
2022-06-26,100.00,mixsallad
2022-06-26,100.00,tomat
2022-06-26,100.00,rödlök
2022-06-26,25.00,kapris
2022-06-26,175.00,bearnaisesås
2022-06-26,200.00,rödvinssås
2022-06-26,300.00,ägg
2022-06-26,300.00,ströbröd
2022-06-26,75.00,vetemjöl
2022-06-26,750.00,kalventrecote
2022-06-27,540.00,pommes_frites
2022-06-27,60.00,mixsallad
2022-06-27,60.00,tomat
2022-06-27,60.00,rödlök
2022-06-27,15.00,kapris
2022-06-27,105.00,bearnaisesås
2022-06-27,120.00,rödvinssås
2022-06-27,180.00,ägg
2022-06-27,180.00,ströbröd
2022-06-27,45.00,vetemjöl
2022-06-27,450.00,kalventrecote
2022-06-28,360.00,pommes_frites
2022-06-28,40.00,mixsallad
2022-06-28,40.00,tomat
2022-06-28,40.00,rödlök
2022-06-28,10.00,kapris
2022-06-28,70.00,bearnaisesås
2022-06-28,80.00,rödvinssås
2022-06-28,120.00,ägg
2022-06-28,120.00,ströbröd
2022-06-28,30.00,vetemjöl
2022-06-28,300.00,kalventrecote
2022-06-29,720.00,pommes_frites
2022-06-29,80.00,mixsallad
2022-06-29,80.00,tomat
2022-06-29,80.00,rödlök
2022-06-29,20.00,kapris
2022-06-29,140.00,bearnaisesås
2022-06-29,160.00,rödvinssås
2022-06-29,240.00,ägg
2022-06-29,240.00,ströbröd
2022-06-29,60.00,vetemjöl
2022-06-29,600.00,kalventrecote
2022-06-30,720.00,pommes_frites
2022-06-30,80.00,mixsallad
2022-06-30,80.00,tomat
2022-06-30,80.00,rödlök
2022-06-30,20.00,kapris
2022-06-30,140.00,bearnaisesås
2022-06-30,160.00,rödvinssås
2022-06-30,240.00,ägg
2022-06-30,240.00,ströbröd
2022-06-30,60.00,vetemjöl
2022-06-30,600.00,kalventrecote
2022-07-01,720.00,pommes_frites
2022-07-01,80.00,mixsallad
2022-07-01,80.00,tomat
2022-07-01,80.00,rödlök
2022-07-01,20.00,kapris
2022-07-01,140.00,bearnaisesås
2022-07-01,160.00,rödvinssås
2022-07-01,240.00,ägg
2022-07-01,240.00,ströbröd
2022-07-01,60.00,vetemjöl
2022-07-01,600.00,kalventrecote
2022-07-02,180.00,pommes_frites
2022-07-02,20.00,mixsallad
2022-07-02,20.00,tomat
2022-07-02,20.00,rödlök
2022-07-02,5.00,kapris
2022-07-02,35.00,bearnaisesås
2022-07-02,40.00,rödvinssås
2022-07-02,60.00,ägg
2022-07-02,60.00,ströbröd
2022-07-02,15.00,vetemjöl
2022-07-02,150.00,kalventrecote
2022-07-07,720.00,pommes_frites
2022-07-07,80.00,mixsallad
2022-07-07,80.00,tomat
2022-07-07,80.00,rödlök
2022-07-07,20.00,kapris
2022-07-07,140.00,bearnaisesås
2022-07-07,160.00,rödvinssås
2022-07-07,240.00,ägg
2022-07-07,240.00,ströbröd
2022-07-07,60.00,vetemjöl
2022-07-07,600.00,kalventrecote
2022-07-08,540.00,pommes_frites
2022-07-08,60.00,mixsallad
2022-07-08,60.00,tomat
2022-07-08,60.00,rödlök
2022-07-08,15.00,kapris
2022-07-08,105.00,bearnaisesås
2022-07-08,120.00,rödvinssås
2022-07-08,180.00,ägg
2022-07-08,180.00,ströbröd
2022-07-08,45.00,vetemjöl
2022-07-08,450.00,kalventrecote
2022-07-09,1440.00,pommes_frites
2022-07-09,160.00,mixsallad
2022-07-09,160.00,tomat
2022-07-09,160.00,rödlök
2022-07-09,40.00,kapris
2022-07-09,280.00,bearnaisesås
2022-07-09,320.00,rödvinssås
2022-07-09,480.00,ägg
2022-07-09,480.00,ströbröd
2022-07-09,120.00,vetemjöl
2022-07-09,1200.00,kalventrecote
2022-07-10,540.00,pommes_frites
2022-07-10,60.00,mixsallad
2022-07-10,60.00,tomat
2022-07-10,60.00,rödlök
2022-07-10,15.00,kapris
2022-07-10,105.00,bearnaisesås
2022-07-10,120.00,rödvinssås
2022-07-10,180.00,ägg
2022-07-10,180.00,ströbröd
2022-07-10,45.00,vetemjöl
2022-07-10,450.00,kalventrecote
2022-07-11,900.00,pommes_frites
2022-07-11,100.00,mixsallad
2022-07-11,100.00,tomat
2022-07-11,100.00,rödlök
2022-07-11,25.00,kapris
2022-07-11,175.00,bearnaisesås
2022-07-11,200.00,rödvinssås
2022-07-11,300.00,ägg
2022-07-11,300.00,ströbröd
2022-07-11,75.00,vetemjöl
2022-07-11,750.00,kalventrecote
2022-07-12,900.00,pommes_frites
2022-07-12,100.00,mixsallad
2022-07-12,100.00,tomat
2022-07-12,100.00,rödlök
2022-07-12,25.00,kapris
2022-07-12,175.00,bearnaisesås
2022-07-12,200.00,rödvinssås
2022-07-12,300.00,ägg
2022-07-12,300.00,ströbröd
2022-07-12,75.00,vetemjöl
2022-07-12,750.00,kalventrecote
2022-07-13,360.00,pommes_frites
2022-07-13,40.00,mixsallad
2022-07-13,40.00,tomat
2022-07-13,40.00,rödlök
2022-07-13,10.00,kapris
2022-07-13,70.00,bearnaisesås
2022-07-13,80.00,rödvinssås
2022-07-13,120.00,ägg
2022-07-13,120.00,ströbröd
2022-07-13,30.00,vetemjöl
2022-07-13,300.00,kalventrecote
2022-07-14,180.00,pommes_frites
2022-07-14,20.00,mixsallad
2022-07-14,20.00,tomat
2022-07-14,20.00,rödlök
2022-07-14,5.00,kapris
2022-07-14,35.00,bearnaisesås
2022-07-14,40.00,rödvinssås
2022-07-14,60.00,ägg
2022-07-14,60.00,ströbröd
2022-07-14,15.00,vetemjöl
2022-07-14,150.00,kalventrecote
2022-07-15,360.00,pommes_frites
2022-07-15,40.00,mixsallad
2022-07-15,40.00,tomat
2022-07-15,40.00,rödlök
2022-07-15,10.00,kapris
2022-07-15,70.00,bearnaisesås
2022-07-15,80.00,rödvinssås
2022-07-15,120.00,ägg
2022-07-15,120.00,ströbröd
2022-07-15,30.00,vetemjöl
2022-07-15,300.00,kalventrecote
2022-07-16,1800.00,pommes_frites
2022-07-16,200.00,mixsallad
2022-07-16,200.00,tomat
2022-07-16,200.00,rödlök
2022-07-16,50.00,kapris
2022-07-16,350.00,bearnaisesås
2022-07-16,400.00,rödvinssås
2022-07-16,600.00,ägg
2022-07-16,600.00,ströbröd
2022-07-16,150.00,vetemjöl
2022-07-16,1500.00,kalventrecote
2022-07-17,1620.00,pommes_frites
2022-07-17,180.00,mixsallad
2022-07-17,180.00,tomat
2022-07-17,180.00,rödlök
2022-07-17,45.00,kapris
2022-07-17,315.00,bearnaisesås
2022-07-17,360.00,rödvinssås
2022-07-17,540.00,ägg
2022-07-17,540.00,ströbröd
2022-07-17,135.00,vetemjöl
2022-07-17,1350.00,kalventrecote
2022-07-18,720.00,pommes_frites
2022-07-18,80.00,mixsallad
2022-07-18,80.00,tomat
2022-07-18,80.00,rödlök
2022-07-18,20.00,kapris
2022-07-18,140.00,bearnaisesås
2022-07-18,160.00,rödvinssås
2022-07-18,240.00,ägg
2022-07-18,240.00,ströbröd
2022-07-18,60.00,vetemjöl
2022-07-18,600.00,kalventrecote
2022-07-19,180.00,pommes_frites
2022-07-19,20.00,mixsallad
2022-07-19,20.00,tomat
2022-07-19,20.00,rödlök
2022-07-19,5.00,kapris
2022-07-19,35.00,bearnaisesås
2022-07-19,40.00,rödvinssås
2022-07-19,60.00,ägg
2022-07-19,60.00,ströbröd
2022-07-19,15.00,vetemjöl
2022-07-19,150.00,kalventrecote
2022-07-20,720.00,pommes_frites
2022-07-20,80.00,mixsallad
2022-07-20,80.00,tomat
2022-07-20,80.00,rödlök
2022-07-20,20.00,kapris
2022-07-20,140.00,bearnaisesås
2022-07-20,160.00,rödvinssås
2022-07-20,240.00,ägg
2022-07-20,240.00,ströbröd
2022-07-20,60.00,vetemjöl
2022-07-20,600.00,kalventrecote
2022-07-21,1080.00,pommes_frites
2022-07-21,120.00,mixsallad
2022-07-21,120.00,tomat
2022-07-21,120.00,rödlök
2022-07-21,30.00,kapris
2022-07-21,210.00,bearnaisesås
2022-07-21,240.00,rödvinssås
2022-07-21,360.00,ägg
2022-07-21,360.00,ströbröd
2022-07-21,90.00,vetemjöl
2022-07-21,900.00,kalventrecote
2022-07-22,180.00,pommes_frites
2022-07-22,20.00,mixsallad
2022-07-22,20.00,tomat
2022-07-22,20.00,rödlök
2022-07-22,5.00,kapris
2022-07-22,35.00,bearnaisesås
2022-07-22,40.00,rödvinssås
2022-07-22,60.00,ägg
2022-07-22,60.00,ströbröd
2022-07-22,15.00,vetemjöl
2022-07-22,150.00,kalventrecote
2022-07-23,900.00,pommes_frites
2022-07-23,100.00,mixsallad
2022-07-23,100.00,tomat
2022-07-23,100.00,rödlök
2022-07-23,25.00,kapris
2022-07-23,175.00,bearnaisesås
2022-07-23,200.00,rödvinssås
2022-07-23,300.00,ägg
2022-07-23,300.00,ströbröd
2022-07-23,75.00,vetemjöl
2022-07-23,750.00,kalventrecote
2022-07-24,1620.00,pommes_frites
2022-07-24,180.00,mixsallad
2022-07-24,180.00,tomat
2022-07-24,180.00,rödlök
2022-07-24,45.00,kapris
2022-07-24,315.00,bearnaisesås
2022-07-24,360.00,rödvinssås
2022-07-24,540.00,ägg
2022-07-24,540.00,ströbröd
2022-07-24,135.00,vetemjöl
2022-07-24,1350.00,kalventrecote
2022-07-25,1260.00,pommes_frites
2022-07-25,140.00,mixsallad
2022-07-25,140.00,tomat
2022-07-25,140.00,rödlök
2022-07-25,35.00,kapris
2022-07-25,245.00,bearnaisesås
2022-07-25,280.00,rödvinssås
2022-07-25,420.00,ägg
2022-07-25,420.00,ströbröd
2022-07-25,105.00,vetemjöl
2022-07-25,1050.00,kalventrecote
2022-07-26,720.00,pommes_frites
2022-07-26,80.00,mixsallad
2022-07-26,80.00,tomat
2022-07-26,80.00,rödlök
2022-07-26,20.00,kapris
2022-07-26,140.00,bearnaisesås
2022-07-26,160.00,rödvinssås
2022-07-26,240.00,ägg
2022-07-26,240.00,ströbröd
2022-07-26,60.00,vetemjöl
2022-07-26,600.00,kalventrecote
2022-07-27,360.00,pommes_frites
2022-07-27,40.00,mixsallad
2022-07-27,40.00,tomat
2022-07-27,40.00,rödlök
2022-07-27,10.00,kapris
2022-07-27,70.00,bearnaisesås
2022-07-27,80.00,rödvinssås
2022-07-27,120.00,ägg
2022-07-27,120.00,ströbröd
2022-07-27,30.00,vetemjöl
2022-07-27,300.00,kalventrecote
2022-07-29,900.00,pommes_frites
2022-07-29,100.00,mixsallad
2022-07-29,100.00,tomat
2022-07-29,100.00,rödlök
2022-07-29,25.00,kapris
2022-07-29,175.00,bearnaisesås
2022-07-29,200.00,rödvinssås
2022-07-29,300.00,ägg
2022-07-29,300.00,ströbröd
2022-07-29,75.00,vetemjöl
2022-07-29,750.00,kalventrecote
2022-07-30,1980.00,pommes_frites
2022-07-30,220.00,mixsallad
2022-07-30,220.00,tomat
2022-07-30,220.00,rödlök
2022-07-30,55.00,kapris
2022-07-30,385.00,bearnaisesås
2022-07-30,440.00,rödvinssås
2022-07-30,660.00,ägg
2022-07-30,660.00,ströbröd
2022-07-30,165.00,vetemjöl
2022-07-30,1650.00,kalventrecote
2022-07-31,540.00,pommes_frites
2022-07-31,60.00,mixsallad
2022-07-31,60.00,tomat
2022-07-31,60.00,rödlök
2022-07-31,15.00,kapris
2022-07-31,105.00,bearnaisesås
2022-07-31,120.00,rödvinssås
2022-07-31,180.00,ägg
2022-07-31,180.00,ströbröd
2022-07-31,45.00,vetemjöl
2022-07-31,450.00,kalventrecote
2022-08-01,180.00,pommes_frites
2022-08-01,20.00,mixsallad
2022-08-01,20.00,tomat
2022-08-01,20.00,rödlök
2022-08-01,5.00,kapris
2022-08-01,35.00,bearnaisesås
2022-08-01,40.00,rödvinssås
2022-08-01,60.00,ägg
2022-08-01,60.00,ströbröd
2022-08-01,15.00,vetemjöl
2022-08-01,150.00,kalventrecote
2022-08-02,360.00,pommes_frites
2022-08-02,40.00,mixsallad
2022-08-02,40.00,tomat
2022-08-02,40.00,rödlök
2022-08-02,10.00,kapris
2022-08-02,70.00,bearnaisesås
2022-08-02,80.00,rödvinssås
2022-08-02,120.00,ägg
2022-08-02,120.00,ströbröd
2022-08-02,30.00,vetemjöl
2022-08-02,300.00,kalventrecote
2022-08-03,180.00,pommes_frites
2022-08-03,20.00,mixsallad
2022-08-03,20.00,tomat
2022-08-03,20.00,rödlök
2022-08-03,5.00,kapris
2022-08-03,35.00,bearnaisesås
2022-08-03,40.00,rödvinssås
2022-08-03,60.00,ägg
2022-08-03,60.00,ströbröd
2022-08-03,15.00,vetemjöl
2022-08-03,150.00,kalventrecote
2022-08-04,180.00,pommes_frites
2022-08-04,20.00,mixsallad
2022-08-04,20.00,tomat
2022-08-04,20.00,rödlök
2022-08-04,5.00,kapris
2022-08-04,35.00,bearnaisesås
2022-08-04,40.00,rödvinssås
2022-08-04,60.00,ägg
2022-08-04,60.00,ströbröd
2022-08-04,15.00,vetemjöl
2022-08-04,150.00,kalventrecote
2022-08-05,900.00,pommes_frites
2022-08-05,100.00,mixsallad
2022-08-05,100.00,tomat
2022-08-05,100.00,rödlök
2022-08-05,25.00,kapris
2022-08-05,175.00,bearnaisesås
2022-08-05,200.00,rödvinssås
2022-08-05,300.00,ägg
2022-08-05,300.00,ströbröd
2022-08-05,75.00,vetemjöl
2022-08-05,750.00,kalventrecote
2022-08-06,1980.00,pommes_frites
2022-08-06,220.00,mixsallad
2022-08-06,220.00,tomat
2022-08-06,220.00,rödlök
2022-08-06,55.00,kapris
2022-08-06,385.00,bearnaisesås
2022-08-06,440.00,rödvinssås
2022-08-06,660.00,ägg
2022-08-06,660.00,ströbröd
2022-08-06,165.00,vetemjöl
2022-08-06,1650.00,kalventrecote
2022-08-07,1620.00,pommes_frites
2022-08-07,180.00,mixsallad
2022-08-07,180.00,tomat
2022-08-07,180.00,rödlök
2022-08-07,45.00,kapris
2022-08-07,315.00,bearnaisesås
2022-08-07,360.00,rödvinssås
2022-08-07,540.00,ägg
2022-08-07,540.00,ströbröd
2022-08-07,135.00,vetemjöl
2022-08-07,1350.00,kalventrecote
2022-08-08,360.00,pommes_frites
2022-08-08,40.00,mixsallad
2022-08-08,40.00,tomat
2022-08-08,40.00,rödlök
2022-08-08,10.00,kapris
2022-08-08,70.00,bearnaisesås
2022-08-08,80.00,rödvinssås
2022-08-08,120.00,ägg
2022-08-08,120.00,ströbröd
2022-08-08,30.00,vetemjöl
2022-08-08,300.00,kalventrecote
2022-08-09,180.00,pommes_frites
2022-08-09,20.00,mixsallad
2022-08-09,20.00,tomat
2022-08-09,20.00,rödlök
2022-08-09,5.00,kapris
2022-08-09,35.00,bearnaisesås
2022-08-09,40.00,rödvinssås
2022-08-09,60.00,ägg
2022-08-09,60.00,ströbröd
2022-08-09,15.00,vetemjöl
2022-08-09,150.00,kalventrecote
2022-08-10,180.00,pommes_frites
2022-08-10,20.00,mixsallad
2022-08-10,20.00,tomat
2022-08-10,20.00,rödlök
2022-08-10,5.00,kapris
2022-08-10,35.00,bearnaisesås
2022-08-10,40.00,rödvinssås
2022-08-10,60.00,ägg
2022-08-10,60.00,ströbröd
2022-08-10,15.00,vetemjöl
2022-08-10,150.00,kalventrecote
2022-08-11,360.00,pommes_frites
2022-08-11,40.00,mixsallad
2022-08-11,40.00,tomat
2022-08-11,40.00,rödlök
2022-08-11,10.00,kapris
2022-08-11,70.00,bearnaisesås
2022-08-11,80.00,rödvinssås
2022-08-11,120.00,ägg
2022-08-11,120.00,ströbröd
2022-08-11,30.00,vetemjöl
2022-08-11,300.00,kalventrecote
2022-08-12,360.00,pommes_frites
2022-08-12,40.00,mixsallad
2022-08-12,40.00,tomat
2022-08-12,40.00,rödlök
2022-08-12,10.00,kapris
2022-08-12,70.00,bearnaisesås
2022-08-12,80.00,rödvinssås
2022-08-12,120.00,ägg
2022-08-12,120.00,ströbröd
2022-08-12,30.00,vetemjöl
2022-08-12,300.00,kalventrecote
2022-08-13,1440.00,pommes_frites
2022-08-13,160.00,mixsallad
2022-08-13,160.00,tomat
2022-08-13,160.00,rödlök
2022-08-13,40.00,kapris
2022-08-13,280.00,bearnaisesås
2022-08-13,320.00,rödvinssås
2022-08-13,480.00,ägg
2022-08-13,480.00,ströbröd
2022-08-13,120.00,vetemjöl
2022-08-13,1200.00,kalventrecote
2022-08-14,1800.00,pommes_frites
2022-08-14,200.00,mixsallad
2022-08-14,200.00,tomat
2022-08-14,200.00,rödlök
2022-08-14,50.00,kapris
2022-08-14,350.00,bearnaisesås
2022-08-14,400.00,rödvinssås
2022-08-14,600.00,ägg
2022-08-14,600.00,ströbröd
2022-08-14,150.00,vetemjöl
2022-08-14,1500.00,kalventrecote
2022-08-15,900.00,pommes_frites
2022-08-15,100.00,mixsallad
2022-08-15,100.00,tomat
2022-08-15,100.00,rödlök
2022-08-15,25.00,kapris
2022-08-15,175.00,bearnaisesås
2022-08-15,200.00,rödvinssås
2022-08-15,300.00,ägg
2022-08-15,300.00,ströbröd
2022-08-15,75.00,vetemjöl
2022-08-15,750.00,kalventrecote
2022-08-18,720.00,pommes_frites
2022-08-18,80.00,mixsallad
2022-08-18,80.00,tomat
2022-08-18,80.00,rödlök
2022-08-18,20.00,kapris
2022-08-18,140.00,bearnaisesås
2022-08-18,160.00,rödvinssås
2022-08-18,240.00,ägg
2022-08-18,240.00,ströbröd
2022-08-18,60.00,vetemjöl
2022-08-18,600.00,kalventrecote
2022-08-19,1260.00,pommes_frites
2022-08-19,140.00,mixsallad
2022-08-19,140.00,tomat
2022-08-19,140.00,rödlök
2022-08-19,35.00,kapris
2022-08-19,245.00,bearnaisesås
2022-08-19,280.00,rödvinssås
2022-08-19,420.00,ägg
2022-08-19,420.00,ströbröd
2022-08-19,105.00,vetemjöl
2022-08-19,1050.00,kalventrecote
2022-08-20,900.00,pommes_frites
2022-08-20,100.00,mixsallad
2022-08-20,100.00,tomat
2022-08-20,100.00,rödlök
2022-08-20,25.00,kapris
2022-08-20,175.00,bearnaisesås
2022-08-20,200.00,rödvinssås
2022-08-20,300.00,ägg
2022-08-20,300.00,ströbröd
2022-08-20,75.00,vetemjöl
2022-08-20,750.00,kalventrecote
2022-08-21,720.00,pommes_frites
2022-08-21,80.00,mixsallad
2022-08-21,80.00,tomat
2022-08-21,80.00,rödlök
2022-08-21,20.00,kapris
2022-08-21,140.00,bearnaisesås
2022-08-21,160.00,rödvinssås
2022-08-21,240.00,ägg
2022-08-21,240.00,ströbröd
2022-08-21,60.00,vetemjöl
2022-08-21,600.00,kalventrecote
2022-08-22,180.00,pommes_frites
2022-08-22,20.00,mixsallad
2022-08-22,20.00,tomat
2022-08-22,20.00,rödlök
2022-08-22,5.00,kapris
2022-08-22,35.00,bearnaisesås
2022-08-22,40.00,rödvinssås
2022-08-22,60.00,ägg
2022-08-22,60.00,ströbröd
2022-08-22,15.00,vetemjöl
2022-08-22,150.00,kalventrecote
2022-08-23,180.00,pommes_frites
2022-08-23,20.00,mixsallad
2022-08-23,20.00,tomat
2022-08-23,20.00,rödlök
2022-08-23,5.00,kapris
2022-08-23,35.00,bearnaisesås
2022-08-23,40.00,rödvinssås
2022-08-23,60.00,ägg
2022-08-23,60.00,ströbröd
2022-08-23,15.00,vetemjöl
2022-08-23,150.00,kalventrecote
2022-08-24,180.00,pommes_frites
2022-08-24,20.00,mixsallad
2022-08-24,20.00,tomat
2022-08-24,20.00,rödlök
2022-08-24,5.00,kapris
2022-08-24,35.00,bearnaisesås
2022-08-24,40.00,rödvinssås
2022-08-24,60.00,ägg
2022-08-24,60.00,ströbröd
2022-08-24,15.00,vetemjöl
2022-08-24,150.00,kalventrecote
2022-08-25,180.00,pommes_frites
2022-08-25,20.00,mixsallad
2022-08-25,20.00,tomat
2022-08-25,20.00,rödlök
2022-08-25,5.00,kapris
2022-08-25,35.00,bearnaisesås
2022-08-25,40.00,rödvinssås
2022-08-25,60.00,ägg
2022-08-25,60.00,ströbröd
2022-08-25,15.00,vetemjöl
2022-08-25,150.00,kalventrecote
2022-08-26,360.00,pommes_frites
2022-08-26,40.00,mixsallad
2022-08-26,40.00,tomat
2022-08-26,40.00,rödlök
2022-08-26,10.00,kapris
2022-08-26,70.00,bearnaisesås
2022-08-26,80.00,rödvinssås
2022-08-26,120.00,ägg
2022-08-26,120.00,ströbröd
2022-08-26,30.00,vetemjöl
2022-08-26,300.00,kalventrecote
2022-08-27,180.00,pommes_frites
2022-08-27,20.00,mixsallad
2022-08-27,20.00,tomat
2022-08-27,20.00,rödlök
2022-08-27,5.00,kapris
2022-08-27,35.00,bearnaisesås
2022-08-27,40.00,rödvinssås
2022-08-27,60.00,ägg
2022-08-27,60.00,ströbröd
2022-08-27,15.00,vetemjöl
2022-08-27,150.00,kalventrecote
2022-08-28,180.00,pommes_frites
2022-08-28,20.00,mixsallad
2022-08-28,20.00,tomat
2022-08-28,20.00,rödlök
2022-08-28,5.00,kapris
2022-08-28,35.00,bearnaisesås
2022-08-28,40.00,rödvinssås
2022-08-28,60.00,ägg
2022-08-28,60.00,ströbröd
2022-08-28,15.00,vetemjöl
2022-08-28,150.00,kalventrecote
2022-08-31,1080.00,pommes_frites
2022-08-31,120.00,mixsallad
2022-08-31,120.00,tomat
2022-08-31,120.00,rödlök
2022-08-31,30.00,kapris
2022-08-31,210.00,bearnaisesås
2022-08-31,240.00,rödvinssås
2022-08-31,360.00,ägg
2022-08-31,360.00,ströbröd
2022-08-31,90.00,vetemjöl
2022-08-31,900.00,kalventrecote
2022-09-01,720.00,pommes_frites
2022-09-01,80.00,mixsallad
2022-09-01,80.00,tomat
2022-09-01,80.00,rödlök
2022-09-01,20.00,kapris
2022-09-01,140.00,bearnaisesås
2022-09-01,160.00,rödvinssås
2022-09-01,240.00,ägg
2022-09-01,240.00,ströbröd
2022-09-01,60.00,vetemjöl
2022-09-01,600.00,kalventrecote
2022-09-03,1440.00,pommes_frites
2022-09-03,160.00,mixsallad
2022-09-03,160.00,tomat
2022-09-03,160.00,rödlök
2022-09-03,40.00,kapris
2022-09-03,280.00,bearnaisesås
2022-09-03,320.00,rödvinssås
2022-09-03,480.00,ägg
2022-09-03,480.00,ströbröd
2022-09-03,120.00,vetemjöl
2022-09-03,1200.00,kalventrecote
2022-09-04,720.00,pommes_frites
2022-09-04,80.00,mixsallad
2022-09-04,80.00,tomat
2022-09-04,80.00,rödlök
2022-09-04,20.00,kapris
2022-09-04,140.00,bearnaisesås
2022-09-04,160.00,rödvinssås
2022-09-04,240.00,ägg
2022-09-04,240.00,ströbröd
2022-09-04,60.00,vetemjöl
2022-09-04,600.00,kalventrecote
2022-09-05,360.00,pommes_frites
2022-09-05,40.00,mixsallad
2022-09-05,40.00,tomat
2022-09-05,40.00,rödlök
2022-09-05,10.00,kapris
2022-09-05,70.00,bearnaisesås
2022-09-05,80.00,rödvinssås
2022-09-05,120.00,ägg
2022-09-05,120.00,ströbröd
2022-09-05,30.00,vetemjöl
2022-09-05,300.00,kalventrecote
2022-09-07,360.00,pommes_frites
2022-09-07,40.00,mixsallad
2022-09-07,40.00,tomat
2022-09-07,40.00,rödlök
2022-09-07,10.00,kapris
2022-09-07,70.00,bearnaisesås
2022-09-07,80.00,rödvinssås
2022-09-07,120.00,ägg
2022-09-07,120.00,ströbröd
2022-09-07,30.00,vetemjöl
2022-09-07,300.00,kalventrecote
2022-09-08,360.00,pommes_frites
2022-09-08,40.00,mixsallad
2022-09-08,40.00,tomat
2022-09-08,40.00,rödlök
2022-09-08,10.00,kapris
2022-09-08,70.00,bearnaisesås
2022-09-08,80.00,rödvinssås
2022-09-08,120.00,ägg
2022-09-08,120.00,ströbröd
2022-09-08,30.00,vetemjöl
2022-09-08,300.00,kalventrecote
2022-09-10,540.00,pommes_frites
2022-09-10,60.00,mixsallad
2022-09-10,60.00,tomat
2022-09-10,60.00,rödlök
2022-09-10,15.00,kapris
2022-09-10,105.00,bearnaisesås
2022-09-10,120.00,rödvinssås
2022-09-10,180.00,ägg
2022-09-10,180.00,ströbröd
2022-09-10,45.00,vetemjöl
2022-09-10,450.00,kalventrecote
2022-09-11,540.00,pommes_frites
2022-09-11,60.00,mixsallad
2022-09-11,60.00,tomat
2022-09-11,60.00,rödlök
2022-09-11,15.00,kapris
2022-09-11,105.00,bearnaisesås
2022-09-11,120.00,rödvinssås
2022-09-11,180.00,ägg
2022-09-11,180.00,ströbröd
2022-09-11,45.00,vetemjöl
2022-09-11,450.00,kalventrecote
2022-09-12,180.00,pommes_frites
2022-09-12,20.00,mixsallad
2022-09-12,20.00,tomat
2022-09-12,20.00,rödlök
2022-09-12,5.00,kapris
2022-09-12,35.00,bearnaisesås
2022-09-12,40.00,rödvinssås
2022-09-12,60.00,ägg
2022-09-12,60.00,ströbröd
2022-09-12,15.00,vetemjöl
2022-09-12,150.00,kalventrecote
2022-09-13,360.00,pommes_frites
2022-09-13,40.00,mixsallad
2022-09-13,40.00,tomat
2022-09-13,40.00,rödlök
2022-09-13,10.00,kapris
2022-09-13,70.00,bearnaisesås
2022-09-13,80.00,rödvinssås
2022-09-13,120.00,ägg
2022-09-13,120.00,ströbröd
2022-09-13,30.00,vetemjöl
2022-09-13,300.00,kalventrecote
2022-09-14,900.00,pommes_frites
2022-09-14,100.00,mixsallad
2022-09-14,100.00,tomat
2022-09-14,100.00,rödlök
2022-09-14,25.00,kapris
2022-09-14,175.00,bearnaisesås
2022-09-14,200.00,rödvinssås
2022-09-14,300.00,ägg
2022-09-14,300.00,ströbröd
2022-09-14,75.00,vetemjöl
2022-09-14,750.00,kalventrecote
2022-09-15,540.00,pommes_frites
2022-09-15,60.00,mixsallad
2022-09-15,60.00,tomat
2022-09-15,60.00,rödlök
2022-09-15,15.00,kapris
2022-09-15,105.00,bearnaisesås
2022-09-15,120.00,rödvinssås
2022-09-15,180.00,ägg
2022-09-15,180.00,ströbröd
2022-09-15,45.00,vetemjöl
2022-09-15,450.00,kalventrecote
2022-09-17,2700.00,pommes_frites
2022-09-17,300.00,mixsallad
2022-09-17,300.00,tomat
2022-09-17,300.00,rödlök
2022-09-17,75.00,kapris
2022-09-17,525.00,bearnaisesås
2022-09-17,600.00,rödvinssås
2022-09-17,900.00,ägg
2022-09-17,900.00,ströbröd
2022-09-17,225.00,vetemjöl
2022-09-17,2250.00,kalventrecote
2022-09-18,1440.00,pommes_frites
2022-09-18,160.00,mixsallad
2022-09-18,160.00,tomat
2022-09-18,160.00,rödlök
2022-09-18,40.00,kapris
2022-09-18,280.00,bearnaisesås
2022-09-18,320.00,rödvinssås
2022-09-18,480.00,ägg
2022-09-18,480.00,ströbröd
2022-09-18,120.00,vetemjöl
2022-09-18,1200.00,kalventrecote
2022-09-23,360.00,pommes_frites
2022-09-23,40.00,mixsallad
2022-09-23,40.00,tomat
2022-09-23,40.00,rödlök
2022-09-23,10.00,kapris
2022-09-23,70.00,bearnaisesås
2022-09-23,80.00,rödvinssås
2022-09-23,120.00,ägg
2022-09-23,120.00,ströbröd
2022-09-23,30.00,vetemjöl
2022-09-23,300.00,kalventrecote
2022-09-24,540.00,pommes_frites
2022-09-24,60.00,mixsallad
2022-09-24,60.00,tomat
2022-09-24,60.00,rödlök
2022-09-24,15.00,kapris
2022-09-24,105.00,bearnaisesås
2022-09-24,120.00,rödvinssås
2022-09-24,180.00,ägg
2022-09-24,180.00,ströbröd
2022-09-24,45.00,vetemjöl
2022-09-24,450.00,kalventrecote
2022-09-25,360.00,pommes_frites
2022-09-25,40.00,mixsallad
2022-09-25,40.00,tomat
2022-09-25,40.00,rödlök
2022-09-25,10.00,kapris
2022-09-25,70.00,bearnaisesås
2022-09-25,80.00,rödvinssås
2022-09-25,120.00,ägg
2022-09-25,120.00,ströbröd
2022-09-25,30.00,vetemjöl
2022-09-25,300.00,kalventrecote
2022-09-26,360.00,pommes_frites
2022-09-26,40.00,mixsallad
2022-09-26,40.00,tomat
2022-09-26,40.00,rödlök
2022-09-26,10.00,kapris
2022-09-26,70.00,bearnaisesås
2022-09-26,80.00,rödvinssås
2022-09-26,120.00,ägg
2022-09-26,120.00,ströbröd
2022-09-26,30.00,vetemjöl
2022-09-26,300.00,kalventrecote
2022-09-27,540.00,pommes_frites
2022-09-27,60.00,mixsallad
2022-09-27,60.00,tomat
2022-09-27,60.00,rödlök
2022-09-27,15.00,kapris
2022-09-27,105.00,bearnaisesås
2022-09-27,120.00,rödvinssås
2022-09-27,180.00,ägg
2022-09-27,180.00,ströbröd
2022-09-27,45.00,vetemjöl
2022-09-27,450.00,kalventrecote
2022-09-29,540.00,pommes_frites
2022-09-29,60.00,mixsallad
2022-09-29,60.00,tomat
2022-09-29,60.00,rödlök
2022-09-29,15.00,kapris
2022-09-29,105.00,bearnaisesås
2022-09-29,120.00,rödvinssås
2022-09-29,180.00,ägg
2022-09-29,180.00,ströbröd
2022-09-29,45.00,vetemjöl
2022-09-29,450.00,kalventrecote
2022-10-01,720.00,pommes_frites
2022-10-01,80.00,mixsallad
2022-10-01,80.00,tomat
2022-10-01,80.00,rödlök
2022-10-01,20.00,kapris
2022-10-01,140.00,bearnaisesås
2022-10-01,160.00,rödvinssås
2022-10-01,240.00,ägg
2022-10-01,240.00,ströbröd
2022-10-01,60.00,vetemjöl
2022-10-01,600.00,kalventrecote
2022-10-02,360.00,pommes_frites
2022-10-02,40.00,mixsallad
2022-10-02,40.00,tomat
2022-10-02,40.00,rödlök
2022-10-02,10.00,kapris
2022-10-02,70.00,bearnaisesås
2022-10-02,80.00,rödvinssås
2022-10-02,120.00,ägg
2022-10-02,120.00,ströbröd
2022-10-02,30.00,vetemjöl
2022-10-02,300.00,kalventrecote
2022-10-03,180.00,pommes_frites
2022-10-03,20.00,mixsallad
2022-10-03,20.00,tomat
2022-10-03,20.00,rödlök
2022-10-03,5.00,kapris
2022-10-03,35.00,bearnaisesås
2022-10-03,40.00,rödvinssås
2022-10-03,60.00,ägg
2022-10-03,60.00,ströbröd
2022-10-03,15.00,vetemjöl
2022-10-03,150.00,kalventrecote
2022-10-04,360.00,pommes_frites
2022-10-04,40.00,mixsallad
2022-10-04,40.00,tomat
2022-10-04,40.00,rödlök
2022-10-04,10.00,kapris
2022-10-04,70.00,bearnaisesås
2022-10-04,80.00,rödvinssås
2022-10-04,120.00,ägg
2022-10-04,120.00,ströbröd
2022-10-04,30.00,vetemjöl
2022-10-04,300.00,kalventrecote
2022-10-07,180.00,pommes_frites
2022-10-07,20.00,mixsallad
2022-10-07,20.00,tomat
2022-10-07,20.00,rödlök
2022-10-07,5.00,kapris
2022-10-07,35.00,bearnaisesås
2022-10-07,40.00,rödvinssås
2022-10-07,60.00,ägg
2022-10-07,60.00,ströbröd
2022-10-07,15.00,vetemjöl
2022-10-07,150.00,kalventrecote
2022-10-08,900.00,pommes_frites
2022-10-08,100.00,mixsallad
2022-10-08,100.00,tomat
2022-10-08,100.00,rödlök
2022-10-08,25.00,kapris
2022-10-08,175.00,bearnaisesås
2022-10-08,200.00,rödvinssås
2022-10-08,300.00,ägg
2022-10-08,300.00,ströbröd
2022-10-08,75.00,vetemjöl
2022-10-08,750.00,kalventrecote
2022-10-09,180.00,pommes_frites
2022-10-09,20.00,mixsallad
2022-10-09,20.00,tomat
2022-10-09,20.00,rödlök
2022-10-09,5.00,kapris
2022-10-09,35.00,bearnaisesås
2022-10-09,40.00,rödvinssås
2022-10-09,60.00,ägg
2022-10-09,60.00,ströbröd
2022-10-09,15.00,vetemjöl
2022-10-09,150.00,kalventrecote
2022-10-11,360.00,pommes_frites
2022-10-11,40.00,mixsallad
2022-10-11,40.00,tomat
2022-10-11,40.00,rödlök
2022-10-11,10.00,kapris
2022-10-11,70.00,bearnaisesås
2022-10-11,80.00,rödvinssås
2022-10-11,120.00,ägg
2022-10-11,120.00,ströbröd
2022-10-11,30.00,vetemjöl
2022-10-11,300.00,kalventrecote
2022-10-13,1260.00,pommes_frites
2022-10-13,140.00,mixsallad
2022-10-13,140.00,tomat
2022-10-13,140.00,rödlök
2022-10-13,35.00,kapris
2022-10-13,245.00,bearnaisesås
2022-10-13,280.00,rödvinssås
2022-10-13,420.00,ägg
2022-10-13,420.00,ströbröd
2022-10-13,105.00,vetemjöl
2022-10-13,1050.00,kalventrecote
2022-10-15,1260.00,pommes_frites
2022-10-15,140.00,mixsallad
2022-10-15,140.00,tomat
2022-10-15,140.00,rödlök
2022-10-15,35.00,kapris
2022-10-15,245.00,bearnaisesås
2022-10-15,280.00,rödvinssås
2022-10-15,420.00,ägg
2022-10-15,420.00,ströbröd
2022-10-15,105.00,vetemjöl
2022-10-15,1050.00,kalventrecote
2022-10-16,900.00,pommes_frites
2022-10-16,100.00,mixsallad
2022-10-16,100.00,tomat
2022-10-16,100.00,rödlök
2022-10-16,25.00,kapris
2022-10-16,175.00,bearnaisesås
2022-10-16,200.00,rödvinssås
2022-10-16,300.00,ägg
2022-10-16,300.00,ströbröd
2022-10-16,75.00,vetemjöl
2022-10-16,750.00,kalventrecote
2022-10-22,540.00,pommes_frites
2022-10-22,60.00,mixsallad
2022-10-22,60.00,tomat
2022-10-22,60.00,rödlök
2022-10-22,15.00,kapris
2022-10-22,105.00,bearnaisesås
2022-10-22,120.00,rödvinssås
2022-10-22,180.00,ägg
2022-10-22,180.00,ströbröd
2022-10-22,45.00,vetemjöl
2022-10-22,450.00,kalventrecote
2022-10-23,0.00,pommes_frites
2022-10-23,0.00,mixsallad
2022-10-23,0.00,tomat
2022-10-23,0.00,rödlök
2022-10-23,0.00,kapris
2022-10-23,0.00,bearnaisesås
2022-10-23,0.00,rödvinssås
2022-10-23,0.00,ägg
2022-10-23,0.00,ströbröd
2022-10-23,0.00,vetemjöl
2022-10-23,0.00,kalventrecote
2022-10-24,180.00,pommes_frites
2022-10-24,20.00,mixsallad
2022-10-24,20.00,tomat
2022-10-24,20.00,rödlök
2022-10-24,5.00,kapris
2022-10-24,35.00,bearnaisesås
2022-10-24,40.00,rödvinssås
2022-10-24,60.00,ägg
2022-10-24,60.00,ströbröd
2022-10-24,15.00,vetemjöl
2022-10-24,150.00,kalventrecote
2022-10-25,180.00,pommes_frites
2022-10-25,20.00,mixsallad
2022-10-25,20.00,tomat
2022-10-25,20.00,rödlök
2022-10-25,5.00,kapris
2022-10-25,35.00,bearnaisesås
2022-10-25,40.00,rödvinssås
2022-10-25,60.00,ägg
2022-10-25,60.00,ströbröd
2022-10-25,15.00,vetemjöl
2022-10-25,150.00,kalventrecote
2022-10-29,2340.00,pommes_frites
2022-10-29,260.00,mixsallad
2022-10-29,260.00,tomat
2022-10-29,260.00,rödlök
2022-10-29,65.00,kapris
2022-10-29,455.00,bearnaisesås
2022-10-29,520.00,rödvinssås
2022-10-29,780.00,ägg
2022-10-29,780.00,ströbröd
2022-10-29,195.00,vetemjöl
2022-10-29,1950.00,kalventrecote
2022-10-30,720.00,pommes_frites
2022-10-30,80.00,mixsallad
2022-10-30,80.00,tomat
2022-10-30,80.00,rödlök
2022-10-30,20.00,kapris
2022-10-30,140.00,bearnaisesås
2022-10-30,160.00,rödvinssås
2022-10-30,240.00,ägg
2022-10-30,240.00,ströbröd
2022-10-30,60.00,vetemjöl
2022-10-30,600.00,kalventrecote
2022-11-01,360.00,pommes_frites
2022-11-01,40.00,mixsallad
2022-11-01,40.00,tomat
2022-11-01,40.00,rödlök
2022-11-01,10.00,kapris
2022-11-01,70.00,bearnaisesås
2022-11-01,80.00,rödvinssås
2022-11-01,120.00,ägg
2022-11-01,120.00,ströbröd
2022-11-01,30.00,vetemjöl
2022-11-01,300.00,kalventrecote
2022-11-05,720.00,pommes_frites
2022-11-05,80.00,mixsallad
2022-11-05,80.00,tomat
2022-11-05,80.00,rödlök
2022-11-05,20.00,kapris
2022-11-05,140.00,bearnaisesås
2022-11-05,160.00,rödvinssås
2022-11-05,240.00,ägg
2022-11-05,240.00,ströbröd
2022-11-05,60.00,vetemjöl
2022-11-05,600.00,kalventrecote
2022-11-06,540.00,pommes_frites
2022-11-06,60.00,mixsallad
2022-11-06,60.00,tomat
2022-11-06,60.00,rödlök
2022-11-06,15.00,kapris
2022-11-06,105.00,bearnaisesås
2022-11-06,120.00,rödvinssås
2022-11-06,180.00,ägg
2022-11-06,180.00,ströbröd
2022-11-06,45.00,vetemjöl
2022-11-06,450.00,kalventrecote
2022-11-07,180.00,pommes_frites
2022-11-07,20.00,mixsallad
2022-11-07,20.00,tomat
2022-11-07,20.00,rödlök
2022-11-07,5.00,kapris
2022-11-07,35.00,bearnaisesås
2022-11-07,40.00,rödvinssås
2022-11-07,60.00,ägg
2022-11-07,60.00,ströbröd
2022-11-07,15.00,vetemjöl
2022-11-07,150.00,kalventrecote
2022-11-08,180.00,pommes_frites
2022-11-08,20.00,mixsallad
2022-11-08,20.00,tomat
2022-11-08,20.00,rödlök
2022-11-08,5.00,kapris
2022-11-08,35.00,bearnaisesås
2022-11-08,40.00,rödvinssås
2022-11-08,60.00,ägg
2022-11-08,60.00,ströbröd
2022-11-08,15.00,vetemjöl
2022-11-08,150.00,kalventrecote
2022-11-10,540.00,pommes_frites
2022-11-10,60.00,mixsallad
2022-11-10,60.00,tomat
2022-11-10,60.00,rödlök
2022-11-10,15.00,kapris
2022-11-10,105.00,bearnaisesås
2022-11-10,120.00,rödvinssås
2022-11-10,180.00,ägg
2022-11-10,180.00,ströbröd
2022-11-10,45.00,vetemjöl
2022-11-10,450.00,kalventrecote
2022-11-12,180.00,pommes_frites
2022-11-12,20.00,mixsallad
2022-11-12,20.00,tomat
2022-11-12,20.00,rödlök
2022-11-12,5.00,kapris
2022-11-12,35.00,bearnaisesås
2022-11-12,40.00,rödvinssås
2022-11-12,60.00,ägg
2022-11-12,60.00,ströbröd
2022-11-12,15.00,vetemjöl
2022-11-12,150.00,kalventrecote
2022-11-13,900.00,pommes_frites
2022-11-13,100.00,mixsallad
2022-11-13,100.00,tomat
2022-11-13,100.00,rödlök
2022-11-13,25.00,kapris
2022-11-13,175.00,bearnaisesås
2022-11-13,200.00,rödvinssås
2022-11-13,300.00,ägg
2022-11-13,300.00,ströbröd
2022-11-13,75.00,vetemjöl
2022-11-13,750.00,kalventrecote
2022-11-14,180.00,pommes_frites
2022-11-14,20.00,mixsallad
2022-11-14,20.00,tomat
2022-11-14,20.00,rödlök
2022-11-14,5.00,kapris
2022-11-14,35.00,bearnaisesås
2022-11-14,40.00,rödvinssås
2022-11-14,60.00,ägg
2022-11-14,60.00,ströbröd
2022-11-14,15.00,vetemjöl
2022-11-14,150.00,kalventrecote
2022-11-16,720.00,pommes_frites
2022-11-16,80.00,mixsallad
2022-11-16,80.00,tomat
2022-11-16,80.00,rödlök
2022-11-16,20.00,kapris
2022-11-16,140.00,bearnaisesås
2022-11-16,160.00,rödvinssås
2022-11-16,240.00,ägg
2022-11-16,240.00,ströbröd
2022-11-16,60.00,vetemjöl
2022-11-16,600.00,kalventrecote
2022-11-17,1080.00,pommes_frites
2022-11-17,120.00,mixsallad
2022-11-17,120.00,tomat
2022-11-17,120.00,rödlök
2022-11-17,30.00,kapris
2022-11-17,210.00,bearnaisesås
2022-11-17,240.00,rödvinssås
2022-11-17,360.00,ägg
2022-11-17,360.00,ströbröd
2022-11-17,90.00,vetemjöl
2022-11-17,900.00,kalventrecote
2022-11-19,2160.00,pommes_frites
2022-11-19,240.00,mixsallad
2022-11-19,240.00,tomat
2022-11-19,240.00,rödlök
2022-11-19,60.00,kapris
2022-11-19,420.00,bearnaisesås
2022-11-19,480.00,rödvinssås
2022-11-19,720.00,ägg
2022-11-19,720.00,ströbröd
2022-11-19,180.00,vetemjöl
2022-11-19,1800.00,kalventrecote
2022-11-20,180.00,pommes_frites
2022-11-20,20.00,mixsallad
2022-11-20,20.00,tomat
2022-11-20,20.00,rödlök
2022-11-20,5.00,kapris
2022-11-20,35.00,bearnaisesås
2022-11-20,40.00,rödvinssås
2022-11-20,60.00,ägg
2022-11-20,60.00,ströbröd
2022-11-20,15.00,vetemjöl
2022-11-20,150.00,kalventrecote
2022-11-24,720.00,pommes_frites
2022-11-24,80.00,mixsallad
2022-11-24,80.00,tomat
2022-11-24,80.00,rödlök
2022-11-24,20.00,kapris
2022-11-24,140.00,bearnaisesås
2022-11-24,160.00,rödvinssås
2022-11-24,240.00,ägg
2022-11-24,240.00,ströbröd
2022-11-24,60.00,vetemjöl
2022-11-24,600.00,kalventrecote
2022-11-25,360.00,pommes_frites
2022-11-25,40.00,mixsallad
2022-11-25,40.00,tomat
2022-11-25,40.00,rödlök
2022-11-25,10.00,kapris
2022-11-25,70.00,bearnaisesås
2022-11-25,80.00,rödvinssås
2022-11-25,120.00,ägg
2022-11-25,120.00,ströbröd
2022-11-25,30.00,vetemjöl
2022-11-25,300.00,kalventrecote
2022-11-26,1260.00,pommes_frites
2022-11-26,140.00,mixsallad
2022-11-26,140.00,tomat
2022-11-26,140.00,rödlök
2022-11-26,35.00,kapris
2022-11-26,245.00,bearnaisesås
2022-11-26,280.00,rödvinssås
2022-11-26,420.00,ägg
2022-11-26,420.00,ströbröd
2022-11-26,105.00,vetemjöl
2022-11-26,1050.00,kalventrecote
2022-11-27,540.00,pommes_frites
2022-11-27,60.00,mixsallad
2022-11-27,60.00,tomat
2022-11-27,60.00,rödlök
2022-11-27,15.00,kapris
2022-11-27,105.00,bearnaisesås
2022-11-27,120.00,rödvinssås
2022-11-27,180.00,ägg
2022-11-27,180.00,ströbröd
2022-11-27,45.00,vetemjöl
2022-11-27,450.00,kalventrecote
2022-11-29,180.00,pommes_frites
2022-11-29,20.00,mixsallad
2022-11-29,20.00,tomat
2022-11-29,20.00,rödlök
2022-11-29,5.00,kapris
2022-11-29,35.00,bearnaisesås
2022-11-29,40.00,rödvinssås
2022-11-29,60.00,ägg
2022-11-29,60.00,ströbröd
2022-11-29,15.00,vetemjöl
2022-11-29,150.00,kalventrecote
2022-11-30,720.00,pommes_frites
2022-11-30,80.00,mixsallad
2022-11-30,80.00,tomat
2022-11-30,80.00,rödlök
2022-11-30,20.00,kapris
2022-11-30,140.00,bearnaisesås
2022-11-30,160.00,rödvinssås
2022-11-30,240.00,ägg
2022-11-30,240.00,ströbröd
2022-11-30,60.00,vetemjöl
2022-11-30,600.00,kalventrecote
2022-12-01,180.00,pommes_frites
2022-12-01,20.00,mixsallad
2022-12-01,20.00,tomat
2022-12-01,20.00,rödlök
2022-12-01,5.00,kapris
2022-12-01,35.00,bearnaisesås
2022-12-01,40.00,rödvinssås
2022-12-01,60.00,ägg
2022-12-01,60.00,ströbröd
2022-12-01,15.00,vetemjöl
2022-12-01,150.00,kalventrecote
2022-12-03,2340.00,pommes_frites
2022-12-03,260.00,mixsallad
2022-12-03,260.00,tomat
2022-12-03,260.00,rödlök
2022-12-03,65.00,kapris
2022-12-03,455.00,bearnaisesås
2022-12-03,520.00,rödvinssås
2022-12-03,780.00,ägg
2022-12-03,780.00,ströbröd
2022-12-03,195.00,vetemjöl
2022-12-03,1950.00,kalventrecote
2022-12-04,540.00,pommes_frites
2022-12-04,60.00,mixsallad
2022-12-04,60.00,tomat
2022-12-04,60.00,rödlök
2022-12-04,15.00,kapris
2022-12-04,105.00,bearnaisesås
2022-12-04,120.00,rödvinssås
2022-12-04,180.00,ägg
2022-12-04,180.00,ströbröd
2022-12-04,45.00,vetemjöl
2022-12-04,450.00,kalventrecote
2022-12-09,180.00,pommes_frites
2022-12-09,20.00,mixsallad
2022-12-09,20.00,tomat
2022-12-09,20.00,rödlök
2022-12-09,5.00,kapris
2022-12-09,35.00,bearnaisesås
2022-12-09,40.00,rödvinssås
2022-12-09,60.00,ägg
2022-12-09,60.00,ströbröd
2022-12-09,15.00,vetemjöl
2022-12-09,150.00,kalventrecote
2022-12-10,1080.00,pommes_frites
2022-12-10,120.00,mixsallad
2022-12-10,120.00,tomat
2022-12-10,120.00,rödlök
2022-12-10,30.00,kapris
2022-12-10,210.00,bearnaisesås
2022-12-10,240.00,rödvinssås
2022-12-10,360.00,ägg
2022-12-10,360.00,ströbröd
2022-12-10,90.00,vetemjöl
2022-12-10,900.00,kalventrecote
2022-12-11,180.00,pommes_frites
2022-12-11,20.00,mixsallad
2022-12-11,20.00,tomat
2022-12-11,20.00,rödlök
2022-12-11,5.00,kapris
2022-12-11,35.00,bearnaisesås
2022-12-11,40.00,rödvinssås
2022-12-11,60.00,ägg
2022-12-11,60.00,ströbröd
2022-12-11,15.00,vetemjöl
2022-12-11,150.00,kalventrecote
2022-12-14,720.00,pommes_frites
2022-12-14,80.00,mixsallad
2022-12-14,80.00,tomat
2022-12-14,80.00,rödlök
2022-12-14,20.00,kapris
2022-12-14,140.00,bearnaisesås
2022-12-14,160.00,rödvinssås
2022-12-14,240.00,ägg
2022-12-14,240.00,ströbröd
2022-12-14,60.00,vetemjöl
2022-12-14,600.00,kalventrecote
2022-12-17,180.00,pommes_frites
2022-12-17,20.00,mixsallad
2022-12-17,20.00,tomat
2022-12-17,20.00,rödlök
2022-12-17,5.00,kapris
2022-12-17,35.00,bearnaisesås
2022-12-17,40.00,rödvinssås
2022-12-17,60.00,ägg
2022-12-17,60.00,ströbröd
2022-12-17,15.00,vetemjöl
2022-12-17,150.00,kalventrecote
2022-12-18,900.00,pommes_frites
2022-12-18,100.00,mixsallad
2022-12-18,100.00,tomat
2022-12-18,100.00,rödlök
2022-12-18,25.00,kapris
2022-12-18,175.00,bearnaisesås
2022-12-18,200.00,rödvinssås
2022-12-18,300.00,ägg
2022-12-18,300.00,ströbröd
2022-12-18,75.00,vetemjöl
2022-12-18,750.00,kalventrecote
2022-12-22,360.00,pommes_frites
2022-12-22,40.00,mixsallad
2022-12-22,40.00,tomat
2022-12-22,40.00,rödlök
2022-12-22,10.00,kapris
2022-12-22,70.00,bearnaisesås
2022-12-22,80.00,rödvinssås
2022-12-22,120.00,ägg
2022-12-22,120.00,ströbröd
2022-12-22,30.00,vetemjöl
2022-12-22,300.00,kalventrecote
2022-12-26,360.00,pommes_frites
2022-12-26,40.00,mixsallad
2022-12-26,40.00,tomat
2022-12-26,40.00,rödlök
2022-12-26,10.00,kapris
2022-12-26,70.00,bearnaisesås
2022-12-26,80.00,rödvinssås
2022-12-26,120.00,ägg
2022-12-26,120.00,ströbröd
2022-12-26,30.00,vetemjöl
2022-12-26,300.00,kalventrecote
2022-12-27,180.00,pommes_frites
2022-12-27,20.00,mixsallad
2022-12-27,20.00,tomat
2022-12-27,20.00,rödlök
2022-12-27,5.00,kapris
2022-12-27,35.00,bearnaisesås
2022-12-27,40.00,rödvinssås
2022-12-27,60.00,ägg
2022-12-27,60.00,ströbröd
2022-12-27,15.00,vetemjöl
2022-12-27,150.00,kalventrecote
2022-12-28,180.00,pommes_frites
2022-12-28,20.00,mixsallad
2022-12-28,20.00,tomat
2022-12-28,20.00,rödlök
2022-12-28,5.00,kapris
2022-12-28,35.00,bearnaisesås
2022-12-28,40.00,rödvinssås
2022-12-28,60.00,ägg
2022-12-28,60.00,ströbröd
2022-12-28,15.00,vetemjöl
2022-12-28,150.00,kalventrecote
